ItemID,Category
null,Collectibles
null,Memorabilia
null,Kitchenware
null,Collectibles
null,Men
null,Writing
null,Other Fitz
null,Collectibles
null,Writing
null,Decorative
null,&
null,Decorative by Brand
null,&
null,Autographs, Paper
null,&
null,Collectibles
null,Decorative
null,&
null,Duncan Royale
null,Collectibles
null,Decorative by Brand
null,Accessories
null,Pop Culture
null,Collectibles
null,Holiday
null,Decorative
null,Decorative by Brand
null,Collectibles
null,Textiles
null,Decorative by Brand
null,Milk
null,&
null,&
null,Decorative
null,Comics
null,Other
null,Decorative
null,Christopher Radko
null,Holiday
null,Pop Culture
null,Enesco
null,Avon
null,Decorative
null,Kitchenware
null,Decorative
null,Snow Village
null,Kitchenware
null,Milk
null,Holiday
null,Collectibles
null,Dickens Village
null,Kitchenware
null,Kitchenware
null,Collectibles
null,Decorative by Brand
null,Other Modern Age
null,&
null,Decorative
null,Decorative by Brand
null,&
null,Ephemera
null,Collectibles
null,Kitchenware
null,Comics
null,Holiday
null,Collectibles
null,Autographs, Paper
null,&
null,Collectibles
null,&
null,Collectibles
null,&
null,Housewares
null,Metalware
null,&
null,T-Shirts, Tank Tops
null,Cherished Teddies
null,Writing
null,Barware
null,Collectibles
null,Knowles Collector Plates
null,Decorative by Brand
null,&
null,Cookie Jars
null,Bath Linens
null,Kitchenware
null,Collectibles
null,Collectibles
null,&
null,Holiday
null,Decorative
null,Kitchenware
null,Theater
null,Comics
null,Decorative by Brand
null,Housewares
null,&
null,Pop Culture
null,Collectibles
null,Holiday
null,Decorative
null,Decorative
null,Decorative
null,Danbury Mint
null,Decorative
null,Bottles: Modern (1900-Now)
null,Avon
null,HOMCO
null,Kitchenware
null,Enesco
null,Decorative by Brand
null,Bottles: Modern (1900-Now)
null,Dept 56
null,Collectibles
null,Cherished Teddies
null,Collectibles
null,Collectibles
null,Collectibles
null,Decorative by Brand
null,&
null,&
null,Superhero
null,Decorative by Brand
null,Hallmark
null,Holiday
null,Cookie Cutters
null,&
null,Housewares
null,Decorative by Brand
null,Holiday
null,Hallmark
null,Other Enesco Items
null,ANRI
null,&
null,Bronze Age (1970-79)
null,Enesco
null,Decorative by Brand
null,Decorative by Brand
null,Bottles: Modern (1900-Now)
null,Decorative
null,&
null,&
null,Holiday
null,Kitchenware
null,Decorative by Brand
null,Shirts
null,Holiday
null,Josef
null,Kitchenware
null,Decorative
null,Horror, Sci-Fi
null,Kitchenware
null,Kitchenware
null,Comics
null,Decorative
null,Dog
null,Writing
null,Collectibles
null,&
null,Decorative
null,Avon
null,Holiday
null,Holiday
null,Decorative by Brand
null,Collectibles
null,Housewares
null,Decorative by Brand
null,Decorative
null,Comics
null,Comics
null,Holiday
null,Collectibles
null,&
null,Decorative
null,Decorative by Brand
null,Collectibles
null,Clothing: Regular
null,Precious Moments
null,Decorative
null,Shelf
null,Comics
null,Decorative
null,Kitchenware
null,Writing
null,Metalware
null,Kitchenware
null,Comics
null,Housewares
null,Modern Age (1980-Now)
null,Collectibles
null,Collectibles
null,Decorative by Brand
null,Decorative by Brand
null,Enesco
null,Decorative
null,Decorative by Brand
null,Collectibles
null,Superhero
null,Paper
null,Pop Culture
null,Pop Culture
null,Canisters
null,Range Sets
null,Collectibles
null,Decorative by Brand
null,&
null,Boys (Sz 8 and up)
null,Shot Glasses
null,Pop Culture
null,Enesco
null,Decorative by Brand
null,Kitchenware
null,Holiday
null,Collectibles
null,Hallmark
null,Star Wars
null,Housewares
null,Precious Moments
null,Decorative
null,Comics
null,Accessories
null,Collectibles
null,Classics Illustrated
null,Collectibles
null,&
null,Decorative
null,Holiday
null,Other Dept 56 Items
null,Other Avon Items
null,Collectibles
null,Outerwear
null,Accessories
null,Kitchenware
null,Dept 56
null,Decorative by Brand
null,Decorative
null,&
null,Collectibles
null,Chrome
null,Decorative
null,Kitchenware
null,&
null,Graphic Novels, TPBs
null,&
null,&
null,&
null,Collector Plates
null,Housewares
null,Collectibles
null,Collectibles
null,Holiday
null,Collectibles
null,Alpine Village
null,Collectibles
null,Holiday
null,Superhero
null,Collectibles
null,Collector Plates
null,Housewares
null,Decorative by Brand
null,Kitchenware
null,&
null,Figurines
null,Collectibles
null,Pop Culture
null,Dickens Village
null,Pop Culture
null,Short Sleeve
null,Decorative by Brand
null,&
null,Collectibles
null,Collectibles
null,&
null,Decorative
null,Decorative by Brand
null,Robes, Sleepwear
null,Holiday
null,Fruit Jars
null,Autographs, Paper
null,Kitchenware
null,Decorative
null,Westerns
null,Holiday
null,Holiday
null,Superhero
null,Enesco
null,&
null,Barware
null,Holiday
null,Collectibles
null,Collectibles
null,Accessories
null,Paper
null,Collector Plates
null,Pop Culture
null,Comics
null,Collectibles
null,&
null,Housewares
null,Salt, Pepper Shakers
null,Holiday
null,Slips
null,Snow Village
null,Other Kitchenware
null,Collectibles
null,Textiles
null,Accessories
null,&
null,Kitchenware
null,&
null,&
null,Decorative by Brand
null,Pop Culture
null,Precious Moments
null,Decorative by Brand
null,Holiday
null,&
null,Comics
null,Limoges
null,Holiday
null,Collectibles
null,Other Sci-Fi
null,Decorative
null,Autographs, Paper
null,Hummel, Goebel
null,Lucy
null,Milk
null,Other Dept 56 Items
null,Heritage Village
null,Kitchenware
null,Decorative by Brand
null,Kitchenware
null,Snowbabies
null,Decorative by Brand
null,Clothing: Regular
null,Graphic Novels, TPBs
null,Pop Culture
null,&
null,Housewares
null,Science Fiction
null,&
null,Holiday
null,Hallmark
null,Kitchenware
null,Decorative
null,Decorative by Brand
null,&
null,&
null,Coasters
null,Pop Culture
null,&
null,Decorative by Brand
null,Decorative
null,Holiday
null,&
null,Dept 56
null,Kitchenware
null,Decorative
null,Collectibles
null,Decorative by Brand
null,Dept 56
null,Enesco
null,Collectibles
null,Collectibles
null,Modern Age (1980-Now)
null,Quilts
null,Baskets
null,Knowles Collector Plates
null,Collectibles
null,Other Bronze Age
null,Precious Moments
null,Holiday
null,Superhero
null,&
null,Collectibles
null,&
null,Collectibles
null,Kitchenware
null,Holiday
null,Bronze Age (1970-79)
null,Decorative
null,Accessories
null,&
null,Kitchenware
null,Metalware
null,Movie, TV
null,Collectibles
null,Tall
null,Housewares
null,Holiday
null,Holiday
null,Superhero
null,Men
null,Collectibles
null,Figurines
null,Decorative by Brand
null,Ice Buckets
null,Holiday
null,Decorative by Brand
null,Kitchenware
null,Bakeware
null,Holiday
null,Collectibles
null,Comics
null,Kitchenware
null,Collectibles
null,Duncan Royale
null,Collectibles
null,Figurines
null,Salt, Pepper Shakers
null,Figurines
null,Silver Age (1956-69)
null,Housewares
null,Decorative by Brand
null,Kitchenware
null,Superhero
null,Collectibles
null,Collectibles
null,Comics
null,Clothing
null,&
null,Salt, Pepper Shakers
null,Comics
null,Collectibles
null,Science Fiction
null,&
null,Ephemera
null,Collectibles
null,Holiday
null,&
null,&
null,Collectibles
null,Decorative by Brand
null,&
null,Floyd
null,Decorative by Brand
null,Decorative
null,Collectibles
null,Ornaments
null,Decorative
null,Pop Culture
null,Collectibles
null,Housewares
null,Pop Culture
null,Alternative, Underground
null,Hallmark
null,Decorative by Brand
null,Decorative
null,Collectibles
null,Other Kinkade Collectibles
null,Other Antique Bottles
null,&
null,Collectibles
null,Kitchenware
null,Pop Culture
null,Kitchenware
null,Silver Age (1956-69)
null,Collectibles
null,Collectibles
null,&
null,Collectibles
null,Kitchenware
null,Collectibles
null,Mary's Moo Moos
null,&
null,Paper
null,Holiday
null,Avon
null,Decorative by Brand
null,Decorative by Brand
null,Decorative by Brand
null,Collectibles
null,Collectibles
null,Superhero
null,Decorative by Brand
null,Holiday
null,Holiday
null,Holiday
null,Dept 56
null,Modern (1970-Now)
null,Holiday
null,Collectibles
null,Lenox
null,Collectibles
null,Decorative by Brand
null,Barware
null,&
null,&
null,Decorative
null,Tools
null,Housewares
null,Collectibles
null,Kitchenware
null,Kitchenware
null,&
null,Christopher Radko
null,Enesco
null,Collectibles
null,&
null,Enesco
null,Holiday
null,Pop Culture
null,Hallmark
null,&
null,Collectibles
null,Comics
null,Collectibles
null,Collectibles
null,Enesco
null,Holiday
null,&
null,Housewares
null,&
null,Decorative
null,Collectibles
null,Inks
null,Decorative
null,Housewares
null,Pop Culture
null,&
null,Kitchenware
null,Holiday
null,Decorative by Brand
null,Romance
null,Collectibles
null,Collectibles
null,Kitchenware
null,International
null,Superhero
null,Kitchenware
null,Shelf
null,Pop Culture
null,Barware
null,Westerns
null,Ephemera
null,Decorative
null,Other Lladro Collectibles
null,Other Kitchenware
null,Snow Village
null,Horror, Sci-Fi
null,Other Enesco Items
null,Barware
null,Decorative by Brand
null,Danbury Mint
null,&
null,Collectibles
null,Comics
null,Collectibles
null,Housewares
null,Clothing
null,Clothing: Regular
null,North Pole
null,Collectibles
null,Comics
null,Barware
null,Housewares
null,Other Avon Items
null,Collectibles
null,Measuring Cups, Spoons
null,Decorative by Brand
null,Precious Moments
null,Kitchenware
null,Dept 56
null,Collectibles
null,Decorative
null,Snowbabies
null,Collectibles
null,Collectibles
null,Medicines, Cures
null,Collectibles
null,&
null,Decorative
null,Holiday
null,Hallmark
null,Holiday
null,Collectibles
null,Comics
null,Measuring Cups, Spoons
null,Advertising
null,Housewares
null,Decorative by Brand
null,Armani
null,Housewares
null,Collectibles
null,Kitchenware
null,Decorative by Brand
null,Small Appliances
null,Full Runs
null,Kitchenware
null,Decorative
null,Collectibles
null,Decorative
null,Golden Age (1938-55)
null,Collectibles
null,Collectibles
null,Souvenir
null,Decorative
null,Holiday
null,Kitchenware
null,Cookie Jars
null,Decorative
null,Collectibles
null,Collectibles
null,Comics
null,Decorative
null,Housewares
null,Buick
null,Decorative by Brand
null,Collector Plates
null,Collector Plates
null,Barware
null,Housewares
null,Collectibles
null,&
null,Decorative
null,&
null,Decorative
null,Heritage Village
null,Bedspreads
null,Cookie Jars
null,Dreamsicles
null,Collectibles
null,&
null,&
null,&
null,Precious Moments
null,Decorative
null,Decorative
null,Pop Culture
null,Decorative
null,Utensils
null,Golf-Other
null,&
null,Decorative
null,Holiday
null,Corkscrews
null,Housewares
null,&
null,Holiday
null,Superhero
null,Kitchenware
null,&
null,Decorative
null,Danbury Mint
null,Kitchenware
null,Holiday
null,Collectibles
null,Decorative by Brand
null,Comics
null,Holiday
null,Enesco
null,&
null,Decorative by Brand
null,Decorative
null,Decorative
null,Other Items
null,Collectibles
null,&
null,Decorative
null,Barware
null,Holiday
null,Enesco
null,Firefighting
null,Hallmark
null,&
null,Kitchenware
null,Kitchenware
null,Pop Culture
null,Holiday
null,Decorative
null,Collectibles
null,Holiday
null,Holiday
null,Bottles
null,Collectibles
null,Collectibles
null,Housewares
null,Hummel, Goebel
null,Flambro
null,Pop Culture
null,Holiday
null,Collectibles
null,Decorative
null,Collectibles
null,Television
null,&
null,Memorabilia
null,Modern Age (1980-Now)
null,Ephemera
null,Housewares
null,&
null,&
null,Superhero
null,Collectibles
null,Comics
null,Other Kitchenware
null,Collectibles
null,Decorative by Brand
null,&
null,Kitchenware
null,Pop Culture
null,&
null,&
null,Golden Age (1938-55)
null,Holiday
null,Mixing Bowls
null,Celebrity
null,&
null,Collectibles
null,Other Avon Items
null,Golden Age (1938-55)
null,Decorative by Brand
null,Bradford Exchange
null,&
null,Decorative by Brand
null,Collectibles
null,David Winter
null,Decorative by Brand
null,Kitchenware
null,Housewares
null,&
null,Kitchenware
null,Holiday
null,Bottles: Modern (1900-Now)
null,Other Enesco Items
null,Comics
null,Flatware
null,Decorative
null,Decorative
null,Superhero
null,Decorative by Brand
null,Collectibles
null,Kitchenware
null,Precious Moments
null,Decorative
null,Decorative by Brand
null,&
null,Collectibles
null,Dept 56
null,Housewares
null,Decorative
null,&
null,Collectibles
null,&
null,Decorative by Brand
null,Decorative by Brand
null,Collectibles
null,Comics
null,Collectibles
null,Collectibles
null,Decorative by Brand
null,Collectibles
null,&
null,Autographs, Paper
null,Kitchenware
null,&
null,Dickens Village
null,Collectibles
null,&
null,Holiday
null,Hallmark
null,Enesco
null,Kitchenware
null,Housewares
null,Superhero
null,Holiday
null,&
null,Holiday
null,Holiday
null,Holiday
null,Housewares
null,Precious Moments
null,Decorative by Brand
null,Decorative
null,Bronze Age (1970-79)
null,&
null,Housewares
null,Decorative
null,Collectibles
null,&
null,Souvenir Programs
null,Holiday
null,Collectibles
null,Boys (Sz 8 and up)
null,&
null,Holiday
null,Kitchenware
null,Collectibles
null,Decorative by Brand
null,Collectibles
null,Ornaments
null,Hallmark
null,Pop Culture
null,Holiday
null,Holiday
null,&
null,Housewares
null,Snow Village
null,Kitchenware
null,Silver Age (1956-69)
null,Ornaments
null,Textiles
null,HOMCO
null,&
null,Other Avon Items
null,Collectibles
null,Ornaments
null,Collectibles
null,Dept 56
null,Hallmark
null,&
null,Series Ornaments
null,Collectibles
null,&
null,Men
null,Bronze Age (1970-79)
null,Decorative by Brand
null,Decorative
null,&
null,Kitchenware
null,Collectibles
null,Decorative
null,Decorative
null,Kitchenware
null,Posters
null,&
null,Holiday
null,Housewares
null,&
null,Curtains, Draperies
null,Comics
null,Collectibles
null,Liners
null,Silver Age (1956-69)
null,&
null,Dept 56
null,Cartoon Character
null,Writing
null,Shaving
null,Decorative
null,Holiday
null,Harmony Kingdom
null,Decorative
null,Kitchenware
null,Lunchboxes, Thermoses
null,Kitchenware
null,Aluminum
null,&
null,Collectibles
null,Decorative by Brand
null,Tools
null,&
null,Collector Plates
null,Snow Village
null,Other Lladro Collectibles
null,Decorative
null,Collectibles
null,Kitchenware
null,Collectibles
null,&
null,Kitchenware
null,Other Memorabilia
null,Holiday
null,Collectibles
null,Decorative
null,Kitchenware
null,Avon
null,Kitchenware
null,Decorative by Brand
null,Decorative
null,Silver Age (1956-69)
null,Housewares
null,Pop Culture
null,Pop Culture
null,Paper
null,Other Silver Age
null,&
null,Decorative by Brand
null,Men
null,Collectibles
null,Kitchenware
null,&
null,&
null,Kitchenware
null,&
null,Superhero
null,Enesco
null,&
null,Collectibles
null,Decorative
null,Textiles
null,Decorative
null,Housewares
null,&
null,Housewares
null,Collectibles
null,Decorative
null,Enesco
null,Avon
null,Collectibles
null,Dept 56
null,Holiday
null,Tablecloths
null,&
null,&
null,Bed
null,Decorative
null,Kitchenware
null,&
null,Collectibles
null,Housewares
null,Longaberger
null,Other Tableware
null,Art, Animation
null,Kitchenware
null,Silver Age (1956-69)
null,Kitchenware
null,Holiday
null,Holiday
null,Precious Moments
null,Collectibles
null,Collectibles
null,Metalware
null,Collectibles
null,Dept 56
null,Collectibles
null,Other Avon Items
null,Decorative by Brand
null,&
null,Collectibles
null,Collectibles
null,Collectibles
null,Kitchenware
null,Decorative
null,David Winter
null,Silver Age (1956-69)
null,Longaberger
null,Silver Age (1956-69)
null,&
null,Decorative
null,Decorative
null,Cookie Cutters
null,Alpine Village
null,Cookie Jars
null,Collectibles
null,Modern Age (1980-Now)
null,Shirts
null,Collectibles
null,&
null,Decorative
null,Decorative by Brand
null,&
null,Decorative by Brand
null,&
null,Decorative by Brand
null,Decorative
null,Pop Culture
null,&
null,Decorative
null,Holiday
null,Snow Village
null,Collectibles
null,Collectibles
null,&
null,&
null,Decorative by Brand
null,Comics
null,Collectibles
null,&
null,Enesco
null,Ephemera
null,Decorative by Brand
null,Housewares
null,Decorative
null,Salt, Pepper Shakers
null,&
null,Housewares
null,Holiday
null,Decorative by Brand
null,Civil War (1861-65)
null,Enesco
null,&
null,&
null,Collectibles
null,Precious Moments
null,Other Barware
null,Collectibles
null,Hallmark
null,Collectibles
null,&
null,&
null,Kitchenware
null,Decorative
null,Decorative
null,Pop Culture
null,Superhero
null,Holiday
null,Holiday
null,&
null,Longaberger
null,Decorative by Brand
null,&
null,&
null,Holiday
null,Accessories
null,Holiday
null,Enesco
null,Decorative
null,Comics
null,Salt, Pepper Shakers
null,Magazines
null,Modern (1970-Now)
null,Holiday
null,Decorative by Brand
null,Dept 56
null,Decorative by Brand
null,Holiday
null,Holiday
null,Decorative by Brand
null,Miniature Ornaments
null,&
null,Dickens Village
null,Barware
null,Decorative by Brand
null,Jackets
null,&
null,Housewares
null,Decorative by Brand
null,Holiday
null,&
null,Kitchenware
null,Holiday
null,Writing
null,Decorative
null,Collectibles
null,Other Kitchenware
null,Other Lladro Collectibles
null,Collectibles
null,Kitchenware
null,&
null,Holiday
null,Limoges
null,Collectibles
null,Hats
null,Decorative by Brand
null,Housewares
null,&
null,Holiday
null,UK
null,&
null,&
null,Modern Age (1980-Now)
null,&
null,&
null,Decorative by Brand
null,Ornaments
null,Decorative
null,Collectibles
null,Other Antique Bottles
null,Decorative by Brand
null,Collectibles
null,&
null,Collectibles
null,Kitchenware
null,Decorative
null,Collectibles
null,Holiday
null,&
null,Contemporary (1940-Now)
null,&
null,Pop Culture
null,Jackets
null,Decorative by Brand
null,Norman Rockwell
null,Collectibles
null,Salt, Pepper Shakers
null,Enesco
null,Enesco
null,Collectibles
null,Collectibles
null,Collectibles
null,Holiday
null,Holiday
null,Dept 56
null,Collectibles
null,Holiday
null,Housewares
null,&
null,Holiday
null,Decorative
null,Modern (1970-Now)
null,Decorative by Brand
null,&
null,Trading Cards
null,Other Magazines
null,Accessories
null,Ephemera
null,Duncan Royale
null,Holiday
null,Collectibles
null,Collectibles
null,Collectibles
null,Decorative by Brand
null,Collectibles
null,Decorative by Brand
null,Precious Moments
null,Other Dept 56 Items
null,Bradford Exchange
null,Series Ornaments
null,Figurines
null,Holiday
null,Collectibles
null,Decorative
null,Holiday
null,Holiday
null,Shirts
null,Dickens Village
null,Collectibles
null,Decanters
null,Pop Culture
null,Kitchenware
null,&
null,Collectibles
null,Collectibles
null,Decorative
null,Paper
null,Holiday
null,Pop Culture
null,Cookware
null,Decorative
null,Collectibles
null,Tea Kettles
null,Enesco
null,Kitchenware
null,Decorative by Brand
null,&
null,Comics
null,Collectibles
null,Dreamsicles
null,Housewares
null,Utensils
null,Other Lenox Collectibles
null,HOMCO
null,Holiday
null,&
null,Decorative by Brand
null,Collectibles
null,Modern (1970-Now)
null,&
null,&
null,Holiday
null,Decorative by Brand
null,Holiday
null,Kitchenware
null,Decorative by Brand
null,&
null,Holiday
null,Outerwear
null,&
null,Pop Culture
null,Pop Culture
null,Kitchenware
null,Decorative
null,Alternative, Underground
null,Ephemera
null,Decorative by Brand
null,New England Village
null,Collectibles
null,Holiday
null,Books
null,&
null,Autographs, Paper
null,Collectibles
null,Decanters
null,&
null,Miniature Ornaments
null,Housewares
null,Paper
null,Housewares
null,Decorative by Brand
null,Decorative
null,Collectibles
null,Decorative
null,Decorative by Brand
null,&
null,Decorative
null,Heritage Village
null,Collectibles
null,Hallmark
null,Holiday
null,Kitchenware
null,Housewares
null,Lladro
null,Comics
null,Ornaments
null,Decorative by Brand
null,Decorative
null,Enesco
null,Decorative by Brand
null,Collectibles
null,Comics
null,&
null,Collectibles
null,Other Avon Items
null,Kitchenware
null,&
null,Decorative
null,&
null,Precious Moments
null,Serving Trays
null,Comics
null,Decorative
null,Dreamsicles
null,Superhero
null,Pop Culture
null,Holiday
null,Kitchenware
null,&
null,&
null,Decorative
null,&
null,Firefighting
null,Bottles: Modern (1900-Now)
null,Collectibles
null,Collectibles
null,&
null,Collectibles
null,&
null,Decorative
null,Pop Culture
null,Decorative by Brand
null,Decorative
null,Cartoon Character
null,Avon
null,Comics
null,Collectibles
null,Collectibles
null,&
null,Decorative
null,Alpine Village
null,Dept 56
null,Pop Culture
null,Dinnerware, Serving
null,Collectibles
null,Magazines
null,Decorative
null,Holiday
null,Holiday
null,Holiday
null,Decorative by Brand
null,Decorative
null,Pop Culture
null,&
null,Pop Culture
null,Memories of Yesterday
null,Collectibles
null,Decorative
null,Pretty as a Picture
null,Collectibles
null,Collectibles
null,Pop Culture
null,Horror, Sci-Fi
null,&
null,&
null,Textiles
null,Collectibles
null,Bronze Age (1970-79)
null,&
null,Cartoon Character
null,Swarovski
null,Collectibles
null,Kitchenware
null,Decorative
null,Collectibles
null,Collectibles
null,Hallmark
null,Decorative
null,&
null,Trading Cards
null,Decorative
null,Pop Culture
null,Franklin Mint
null,Graphic Novels, TPBs
null,Barware
null,Dept 56
null,Kitchenware
null,Bronze Age (1970-79)
null,Pop Culture
null,Holiday
null,Hallmark
null,Platinum Age (1897-1937)
null,Comics
null,Cookware
null,Collectibles
null,Decorative
null,Horror, Sci-Fi
null,Collectibles
null,Lefton Figurines
null,Hallmark
null,Collectibles
null,Decorative
null,Comics
null,Kitchenware
null,Decorative
null,Decorative
null,Kitchenware
null,Collectibles
null,&
null,Housewares
null,Housewares
null,Range Sets
null,Autographs, Paper
null,Enesco
null,Decorative
null,Ephemera
null,Floyd Collectibles
null,&
null,Pop Culture
null,Housewares
null,Housewares
null,Kitchenware
null,Housewares
null,Barware
null,Kitchenware
null,Comics
null,Collectibles
null,Collectibles
null,Kitchenware
null,Comics
null,Advertising
null,Housewares
null,Collectibles
null,Hallmark
null,Decorative by Brand
null,Other Longaberger Items
null,Accessories
null,&
null,Pretty as a Picture
null,&
null,Other Bronze Age
null,Housewares
null,Other Modern Age
null,American
null,Collectibles
null,Magic
null,Decorative
null,&
null,&
null,Decorative
null,Collectibles
null,&
null,Superhero
null,Dreamsicles
null,Collectibles
null,Armani
null,Lladro
null,Clothing
null,Collectibles
null,Collectibles
null,&
null,Other Kitchenware
null,&
null,Housewares
null,Other Kitchenware
null,Decorative by Brand
null,Collectibles
null,Collectibles
null,Decorative by Brand
null,&
null,Comics
null,Holiday
null,&
null,Dept 56
null,Other Limoges Collectibles
null,Dickens Village
null,Ephemera
null,Collectibles
null,Silver Age (1956-69)
null,&
null,Television
null,Contemporary (1970-Now)
null,Collectibles
null,Bottles: Modern (1900-Now)
null,Collectibles
null,Collectibles
null,Comics
null,Decorative
null,Housewares
null,Superhero
null,Writing
null,&
null,Holiday
null,Other Non-Sports
null,Decorative by Brand
null,&
null,Decorative
null,Decorative by Brand
null,Holiday
null,Collectibles
null,Collectibles
null,Kitchenware
null,&
null,Holiday
null,Hallmark
null,Kitchenware
null,Other Metalware
null,Decorative by Brand
null,&
null,Comics
null,&
null,&
null,&
null,Holiday
null,Decorative by Brand
null,Enesco
null,&
null,Comics
null,Housewares
null,Pop Culture
null,Collectibles
null,Holiday
null,Collectibles
null,Holiday
null,Holiday
null,&
null,Comics
null,&
null,Other Silver Age
null,Collectibles
null,Tupperware
null,Collectibles
null,Modern (1970-Now)
null,Collectibles
null,Series Ornaments
null,Snowbunnies
null,&
null,Crime
null,Fitz
null,Other Barware
null,Holiday
null,&
null,Lladro
null,Holiday
null,Collectibles
null,Collectibles
null,Casual
null,Ornaments
null,Collectibles
null,Modern Age (1980-Now)
null,Theater
null,Bells
null,Comics
null,Bottles: Antique (Pre-1900)
null,Decorative by Brand
null,Decorative by Brand
null,Kitchenware
null,Pretty as a Picture
null,Other Hallmark Collectibles
null,Precious Moments
null,Collectibles
null,Decorative by Brand
null,Snowbabies
null,Dickens Village
null,Irons
null,Other Shakers
null,Decorative
null,&
null,Comics
null,Decorative by Brand
null,Decorative by Brand
null,Pop Culture
null,Housewares
null,Hallmark
null,Clothing
null,Pop Culture
null,Decorative by Brand
null,Decorative
null,Dept 56
null,Holiday
null,&
null,Holiday
null,Decorative by Brand
null,Decorative
null,Other Enesco Items
null,Collectibles
null,Holiday
null,Holiday
null,Other Avon Items
null,&
null,Collectibles
null,Modern Age (1980-Now)
null,Collectibles
null,Decorative by Brand
null,Pop Culture
null,&
null,Collectibles
null,Housewares
null,Holiday
null,Pop Culture
null,Corkscrews
null,Collectibles
null,&
null,Magazines
null,Kitchenware
null,Holiday
null,Silver Age (1956-69)
null,Mugs
null,&
null,Longaberger
null,Collectibles
null,&
null,&
null,&
null,Decorative by Brand
null,Kitchenware
null,Cherished Teddies
null,Snow Village
null,Silver Age (1956-69)
null,Bronze Age (1970-79)
null,Decorative
null,Modern Age (1980-Now)
null,Paper
null,Kitchenware
null,Decorative by Brand
null,Enesco
null,Decorative by Brand
null,Shirts
null,Decorative
null,Comics
null,Decorative
null,Holiday
null,Collectibles
null,Decorative by Brand
null,Superhero
null,Holiday
null,Holiday
null,Hamilton Collector Plates
null,Decorative by Brand
null,Collectibles
null,Cookie Jars
null,&
null,Choppers
null,Kitchenware
null,Collectibles
null,Pop Culture
null,&
null,Contemporary (1970-Now)
null,Decorative by Brand
null,Comics
null,Lefton Figurines
null,Women
null,Holiday
null,Comics
null,Collectibles
null,Kitchenware
null,Superhero
null,Bottles: Modern (1900-Now)
null,Precious Moments
null,Decorative
null,Decorative by Brand
null,Collectibles
null,Holiday
null,&
null,&
null,Decorative
null,Movies
null,Collectibles
null,Hummel, Goebel
null,Salt, Pepper Shakers
null,Men
null,Collectibles
null,Collectibles
null,Decorative by Brand
null,Decorative
null,&
null,Pop Culture
null,Collectibles
null,Collectibles
null,Holiday
null,Kitchenware
null,Other Enesco Items
null,&
null,Christopher Radko
null,Kitchenware
null,Historical Memorabilia
null,Housewares
null,Accessories
null,Collectibles
null,Collectibles
null,Collectibles
null,Collectibles
null,Decorative
null,Hallmark
null,Dept 56
null,Collector Plates
null,Pop Culture
null,Collectibles
null,&
null,&
null,Decorative by Brand
null,Kitchenware
null,Decorative
null,Decorative
null,Holiday
null,Enesco
null,Collectibles
null,Pop Culture
null,Cookie Jars
null,Decorative by Brand
null,Collectibles
null,Other Kitchenware
null,&
null,Comics
null,Collectibles
null,Science Fiction
null,Fruit Jars
null,Collectibles
null,Harmony Kingdom
null,Housewares
null,ANRI
null,Brass
null,Holiday
null,&
null,Decorative by Brand
null,Collectibles
null,Holiday
null,Egg Cups
null,Ornaments
null,Other Cigarettes
null,Modern Age (1980-Now)
null,Series Ornaments
null,Series Ornaments
null,Dept 56
null,&
null,Decorative by Brand
null,Collectibles
null,Kitchenware
null,Comics
null,Collectibles
null,Pop Culture
null,Holiday
null,&
null,Clothing
null,Fruit Jars
null,Collectibles
null,Decorative
null,Decorative by Brand
null,Furnishings, Knives
null,Enesco
null,Holiday
null,&
null,Cartoon Character
null,Miniature Ornaments
null,Collectibles
null,Comics
null,Holiday
null,Television
null,Superhero
null,Collectibles
null,Enesco
null,Paper
null,Holiday
null,Writing
null,Precious Moments
null,Housewares
null,Textiles
null,&
null,Decorative
null,Franklin Mint
null,&
null,Cherished Teddies
null,Pop Culture
null,Alternative, Underground
null,Holiday
null,Collectibles
null,Superhero
null,Collector Plates
null,Other Franklin Mint Items
null,Decorative
null,Holiday
null,Holiday
null,&
null,&
null,Pop Culture
null,Avon
null,Decorative by Brand
null,Dept 56
null,Kitchenware
null,&
null,Kitchenware
null,Decorative
null,Holiday
null,Holiday
null,Enesco
null,Autographs, Paper
null,&
null,Decorative by Brand
null,Collectibles
null,Decorative by Brand
null,Collectibles
null,Decorative
null,Autographs, Paper
null,Collectibles
null,Kitchenware
null,Other Cookware
null,Other Shakers
null,Kitchenware
null,Collectibles
null,Harbour Lights
null,Kitchenware
null,&
null,&
null,Collectibles
null,Sports
null,&
null,&
null,Pop Culture
null,Milk
null,Collectibles
null,Kitchenware
null,Cherished Teddies
null,Autographs, Paper
null,Decanters
null,Holiday
null,Collectibles
null,&
null,Paper
null,&
null,Holiday
null,Modern Age (1980-Now)
null,Holiday
null,Pop Culture
null,Kitchenware
null,&
null,Contemporary (1970-Now)
null,&
null,Clothing
null,Modern Age (1980-Now)
null,&
null,Swarovski
null,Tableware
null,Avon
null,&
null,Decorative
null,Collectibles
null,&
null,Series Ornaments
null,Collectibles
null,Dept 56
null,Collectibles
null,Decorative by Brand
null,Decorative
null,Collectibles
null,Holiday
null,Collectibles
null,Collectibles
null,Decorative
null,Holiday
null,Housewares
null,Silver Age (1956-69)
null,Shot Glasses
null,&
null,Pop Culture
null,Kitchenware
null,Decorative
null,Collectibles
null,Decorative by Brand
null,Royal Doulton
null,Holiday
null,Kitchenware
null,&
null,Pourers, Stoppers
null,Enesco
null,Collectibles
null,Barware
null,Superhero
null,Decorative by Brand
null,Housewares
null,Decorative by Brand
null,Housewares
null,Bottles
null,Collectibles
null,Comics
null,&
null,Decorative by Brand
null,Collectibles
null,Dept 56
null,Other Franklin Mint Items
null,&
null,Holiday
null,Decorative by Brand
null,Decorative
null,Other Cookware
null,Holiday
null,&
null,Superhero
null,Decorative by Brand
null,Decorative by Brand
null,Shirts
null,Decorative by Brand
null,Holiday
null,&
null,Housewares
null,Collectibles
null,Comics
null,Modern (1970-Now)
null,Collector Plates
null,Charming Tails
null,Dept 56
null,&
null,Metalware
null,Collectibles
null,&
null,Enesco
null,Collectibles
null,&
null,Pop Culture
null,Comics
null,Collectibles
null,Collectibles
null,Other Enesco Items
null,Decorative by Brand
null,Other Sci-Fi
null,Holiday
null,Decorative by Brand
null,Holiday
null,&
null,Kitchenware
null,Fruit Jars
null,Decorative by Brand
null,Holiday
null,Kitchenware
null,Barware
null,&
null,Alternative, Underground
null,Enesco
null,Decorative by Brand
null,Collectibles
null,Christopher Radko
null,Salt, Pepper Shakers
null,Decorative
null,Other Barware
null,HOMCO
null,Hallmark
null,Decorative by Brand
null,Collectibles
null,&
null,&
null,Precious Moments
null,Collectibles
null,Modern Age (1980-Now)
null,Dickens Village
null,Decorative
null,Decorative by Brand
null,Collectibles
null,Collectibles
null,Pop Culture
null,Series Ornaments
null,Enesco
null,Holiday
null,Kitchenware
null,Silver Age (1956-69)
null,Decorative
null,Trading Cards
null,Heavy Metal
null,Decorative
null,Bronze Age (1970-79)
null,Cookie Jars
null,Clothing
null,Decorative by Brand
null,&
null,Collectibles
null,Comics
null,Decorative by Brand
null,Housewares
null,Holiday
null,Bradford Exchange
null,Cookie Cutters
null,Pop Culture
null,Collector Plates
null,&
null,Historical Memorabilia
null,Housewares
null,Pop Culture
null,Collector Plates
null,Holiday
null,&
null,Enesco
null,Decorative
null,Collectibles
null,Collectibles
null,Superhero
null,Decorative
null,Enesco
null,Collectibles
null,Decorative
null,Collectibles
null,&
null,Figurines
null,Collectibles
null,Collectibles
null,Holiday
null,Collectibles
null,Housewares
null,Kitchenware
null,Decorative
null,Comics
null,Ornaments
null,Kitchenware
null,Holiday
null,Pop Culture
null,Comics
null,Pewter
null,Collectibles
null,Decorative
null,Swizzle/Stir Sticks
null,Decorative by Brand
null,&
null,Housewares
null,Clothing
null,Housewares
null,Decorative by Brand
null,Holiday
null,Decorative
null,Boys
null,Decorative
null,Enesco
null,Dept 56
null,Cigarette
null,Collectibles
null,Decorative by Brand
null,Collectibles
null,Men
null,&
null,Housewares
null,Collectibles
null,Collectibles
null,Collectibles
null,Kitchenware
null,Decorative by Brand
null,Kitchenware
null,Enesco
null,&
null,Advertising
null,Decorative
null,Collectibles
null,Lenox
null,Kitchenware
null,Other Kitchenware
null,Quilts
null,Collectibles
null,Decorative by Brand
null,Pourers, Stoppers
null,Bronze Age (1970-79)
null,Decorative
null,Collectibles
null,Decorative by Brand
null,Ornaments
null,Decorative
null,Holiday
null,Collectibles
null,Range Sets
null,&
null,Decorative
null,Pop Culture
null,Kitchenware
null,Holiday
null,Kitchenware
null,Kitchenware
null,Holiday
null,North Pole
null,Decorative
null,Decorative by Brand
null,Pop Culture
null,&
null,&
null,Collectibles
null,Other Sci-Fi
null,Precious Moments
null,Dickens Village
null,Collectibles
null,Collectibles
null,Other Enesco Items
null,Holiday
null,Dept 56
null,Precious Moments
null,Decorative
null,Collectibles
null,Decorative
null,Decorative
null,Decorative
null,Decorative
null,Collectibles
null,Silver Age (1956-69)
null,Furnishings, Knives
null,Collectibles
null,Intimates
null,Holiday
null,Kitchenware
null,Boys
null,Pop Culture
null,Holiday
null,Holiday
null,Comics
null,&
null,Decorative
null,Series Ornaments
null,Trading Cards
null,Holiday
null,Decorative
null,&
null,Ephemera
null,Collectibles
null,Memorabilia
null,Kitchenware
null,Men
null,Kitchenware
null,Housewares
null,Decorative by Brand
null,Holiday
null,Collectibles
null,Other Avon Items
null,Collectibles
null,Dept 56
null,Enesco
null,Holiday
null,Modern (1970-Now)
null,Enesco
null,Holiday
null,Golden Age (1938-55)
null,Decorative by Brand
null,Tupperware
null,Dept 56
null,Utensils
null,Candle Holders
null,&
null,Pop Culture
null,Holiday
null,Decorative by Brand
null,Decorative by Brand
null,Pop Culture
null,Precious Moments
null,Thomas Kinkade
null,Dept 56
null,Decorative by Brand
null,&
null,Cookie Cutters
null,Pop Culture
null,Holiday
null,&
null,Bells
null,Precious Moments
null,Avon
null,Enesco
null,Collectibles
null,Other Avon Items
null,Holiday
null,&
null,Collectibles
null,Collectibles
null,Accessories
null,Decorative by Brand
null,Housewares
null,Collectibles
null,Collectibles
null,Decorative by Brand
null,&
null,Collectibles
null,Collectibles
null,&
null,Hallmark
null,Precious Moments
null,&
null,Memories of Yesterday
null,Decorative
null,Decorative by Brand
null,Decorative by Brand
null,Collections
null,Decorative
null,&
null,Collectibles
null,&
null,Bradford Exchange
null,Housewares
null,Bradford Exchange
null,&
null,Milk
null,&
null,Lefton Figurines
null,Animals
null,Collectibles
null,Pop Culture
null,Collectibles
null,&
null,Collectibles
null,Decorative
null,Decorative by Brand
null,Collectibles
null,Collectibles
null,Holiday
null,Other Kitchenware
null,Decorative by Brand
null,Tableware
null,&
null,Precious Moments
null,Holiday
null,Other Bronze Age
null,Decorative by Brand
null,Avon
null,Paper
null,Decorative by Brand
null,&
null,&
null,Collectibles
null,Other Modern Bottles
null,Precious Moments
null,&
null,Holiday
null,Graphic Novels, TPBs
null,Pop Culture
null,Barware
null,Collectibles
null,Housewares
null,Housewares
null,Fabric
null,Housewares
null,Hummel, Goebel
null,Kitchenware
null,Holiday
null,Pop Culture
null,Collectibles
null,Decorative
null,Collectibles
null,Dept 56
null,Kitchenware
null,Limoges
null,Enesco
null,Kitchenware
null,&
null,&
null,Alternative, Underground
null,Collectibles
null,Snowbabies
null,Pop Culture
null,Decorative
null,Hallmark
null,Snow Village
null,Ornaments
null,Housewares
null,Cookie Jars
null,Modern (1970-Now)
null,Cookware
null,&
null,Metalware
null,Superhero
null,Franklin Mint
null,Collectibles
null,Collectibles
null,Silver Age (1956-69)
null,Decorative
null,Housewares
null,Precious Moments
null,&
null,Superhero
null,Beagle
null,Decorative by Brand
null,Comics
null,Holiday
null,Housewares
null,&
null,Decorative
null,Collectibles
null,Antique (Pre-1930)
null,Housewares
null,Decorative by Brand
null,Housewares
null,Pewter
null,Housewares
null,Housewares
null,&
null,Decorative
null,Enesco
null,Decorative
null,Decorative by Brand
null,Collectibles
null,&
null,Aluminum
null,Trading Cards
null,Collectibles
null,Ornaments
null,Collectibles
null,Collectibles
null,&
null,Other Bronze Age
null,Bottles: Antique (Pre-1900)
null,Collectibles
null,Precious Moments
null,Decorative
null,Holiday
null,Decorative by Brand
null,Dept 56
null,Enesco
null,Decorative
null,Housewares
null,Bottles: Antique (Pre-1900)
null,Collectibles
null,Comics
null,Collectibles
null,Collectibles
null,&
null,Collectibles
null,&
null,Collectibles
null,&
null,Holiday
null,Holiday
null,Pop Culture
null,Collectibles
null,Decorative by Brand
null,Science Fiction
null,Decorative
null,Holiday
null,Kitchenware
null,Decorative by Brand
null,Modern Age (1980-Now)
null,Holiday
null,Modern Age (1980-Now)
null,Decorative by Brand
null,Collectibles
null,Kitchenware
null,Holiday
null,&
null,Holiday
null,HOMCO
null,&
null,Collectibles
null,Textiles
null,Precious Moments
null,Holiday
null,Holiday
null,Holiday
null,Modern Age (1980-Now)
null,Men
null,Decorative by Brand
null,&
null,Collectibles
null,Collectibles
null,Hallmark
null,Housewares
null,Housewares
null,Figurines
null,Reenactment, Repro
null,Decorative
null,HOMCO
null,Grondahl Coll Plates
null,Collectibles
null,Clothing
null,Hallmark
null,Decorative
null,Paper
null,Firefighting
null,Decorative by Brand
null,Pitchers
null,Ephemera
null,Decorative by Brand
null,Kitchenware
null,Autographs, Paper
null,Comics
null,Comics
null,Lladro
null,Collectibles
null,Collectibles
null,Collectibles
null,Decorative by Brand
null,North Pole
null,Holiday
null,&
null,Holiday
null,Holiday
null,Collectibles
null,Hallmark
null,Collectibles
null,Collectibles
null,Kitchenware
null,Precious Moments
null,Mary's Moo Moos
null,Autographs, Paper
null,Holiday
null,Holiday
null,Decorative by Brand
null,Alternative, Underground
null,Collector Plates
null,Pop Culture
null,Figurines
null,Golden Age (1938-55)
null,Dept 56
null,Collectibles
null,Christopher Radko
null,Hummel, Goebel
null,Decorative
null,Collectibles
null,Collectibles
null,Bottles: Antique (Pre-1900)
null,Pewter
null,Kitchenware
null,Original Comic Art
null,Backpacks, Bags
null,Pop Culture
null,Ephemera
null,Decorative by Brand
null,Kitchenware
null,Decorative
null,Full Runs
null,Comics
null,&
null,Clothing: Big
null,Housewares
null,Collectibles
null,Collectibles
null,Miniature Ornaments
null,Precious Moments
null,Collectibles
null,Holiday
null,Precious Moments
null,Collector Plates
null,Kitchenware
null,&
null,&
null,Kitchenware
null,New England Village
null,Collectibles
null,Other Kitchenware
null,Collectibles
null,Dickens Village
null,Collectibles
null,Kitchenware
null,Barware
null,Decorative
null,Paintings
null,Kitchenware
null,&
null,Superhero
null,Collectibles
null,Decorative
null,Comics
null,Holiday
null,Other Longaberger Items
null,&
null,Holiday
null,Series Ornaments
null,Decorative by Brand
null,&
null,Housewares
null,&
null,Decorative by Brand
null,Holiday
null,Hallmark
null,War
null,Decorative
null,Holiday
null,Comics
null,Holiday
null,&
null,Decorative by Brand
null,&
null,Decorative
null,Collectibles
null,Comics
null,Collectibles
null,Other Shakers
null,Collectibles
null,Decorative by Brand
null,Collectibles
null,Underwear, Sleepwear
null,Kitchenware
null,Accessories
null,Charming Tails
null,Kitchenware
null,Tobacciana
null,Decorative by Brand
null,&
null,&
null,Kitchenware
null,Precious Moments
null,&
null,Collectibles
null,Collectibles
null,&
null,Decorative
null,Enesco
null,&
null,Collectibles
null,Autographs, Paper
null,Decorative by Brand
null,Clothing
null,Comics
null,&
null,Comics
null,Photo Images
null,Decorative
null,Decorative
null,Kitchenware
null,Christopher Radko
null,Comics
null,Decorative
null,Harmony Kingdom
null,&
null,Housewares
null,Longaberger
null,Holiday
null,Enesco
null,Decorative
null,Collectibles
null,Pop Culture
null,Decorative
null,Kitchenware
null,Holiday
null,Pop Culture
null,Pop Culture
null,&
null,Holiday
null,Decorative by Brand
null,Collectibles
null,Decorative
null,Collectibles
null,Housewares
null,Enesco
null,Pop Culture
null,Contemporary (1970-Now)
null,Decorative by Brand
null,Clocks
null,Collectibles
null,Enesco
null,&
null,&
null,Hallmark
null,Decorative
null,Precious Moments
null,Decorative
null,Dept 56
null,Decorative by Brand
null,Decorative by Brand
null,Collectibles
null,Decorative by Brand
null,Decorative
null,Writing
null,Salt, Pepper Shakers
null,Collectibles
null,Collectibles
null,Outwear
null,&
null,Lace, Crochet, Doilies
null,Decorative by Brand
null,Kitchenware
null,Modern (1970-Now)
null,Bronze Age (1970-79)
null,Kitchenware
null,Comics
null,Collectibles
null,Pop Culture
null,Pourers, Stoppers
null,Decorative
null,Clocks
null,Holiday
null,Collectibles
null,Duncan Royale
null,Decorative
null,Collectibles
null,Decorative by Brand
null,Decorative
null,Holiday
null,Modern Age (1980-Now)
null,&
null,Decorative by Brand
null,&
null,Decorative by Brand
null,Collectibles
null,Decorative by Brand
null,Housewares
null,Bronze Age (1970-79)
null,&
null,Decorative by Brand
null,Precious Moments
null,&
null,Decorative
null,Collectibles
null,Decorative by Brand
null,Holiday
null,Pop Culture
null,Collectibles
null,Decorative
null,Decorative
null,Kitchenware
null,Golden Age (1938-55)
null,Dept 56
null,Ornaments
null,Pop Culture
null,Ornaments
null,Holiday
null,Kitchenware
null,Bottles: Antique (Pre-1900)
null,Enesco
null,Holiday
null,&
null,Swarovski
null,Decorative by Brand
null,&
null,&
null,Science Fiction
null,&
null,Writing
null,Comics
null,&
null,Holiday
null,Housewares
null,Holiday
null,Avon
null,Decorative
null,Decorative by Brand
null,Decorative by Brand
null,Hallmark
null,Kitchenware
null,Decorative by Brand
null,Collectibles
null,Comics
null,Alfa Romeo
null,Decorative
null,Clothing
null,&
null,Collectibles
null,North Pole
null,Collectibles
null,Silver Age (1956-69)
null,&
null,Decorative by Brand
null,Collectibles
null,&
null,Collectibles
null,Writing
null,Bronze Age (1970-79)
null,Cat's Meow Village
null,Autographs, Paper
null,Figurines
null,Silver Age (1956-69)
null,Hallmark
null,Precious Moments
null,Other Bronze Age
null,Kitchenware
null,Dreamsicles
null,Decorative
null,&
null,Collectibles
null,Holiday
null,&
null,&
null,Kitchenware
null,&
null,Miniature Ornaments
null,Modern Age (1980-Now)
null,Hallmark
null,Holiday
null,Kitchenware
null,Longaberger
null,Housewares
null,&
null,Vintage Metal
null,Decorative by Brand
null,Norman Rockwell
null,Holiday
null,Other Shakers
null,Kitchenware
null,Housewares
null,Hummel, Goebel
null,Other Bronze Age
null,Avon
null,Kitchenware
null,&
null,&
null,&
null,Dept 56
null,Trivets
null,Collectibles
null,Holiday
null,Pop Culture
null,Collectibles
null,Collectibles
null,Decorative by Brand
null,Paper
null,Holiday
null,Cars
null,&
null,Modern (1970-Now)
null,Magic
null,Dept 56
null,Decorative
null,Tupperware
null,Cars
null,Collectibles
null,Metalware
null,Dreamsicles
null,Decorative
null,Decorative
null,Holiday
null,Kitchenware
null,Silver Age (1956-69)
null,Comics
null,Kitchenware
null,Horror, Sci-Fi
null,Bottles: Antique (Pre-1900)
null,Collectibles
null,Bradford Exchange
null,Collectibles
null,Avon
null,Decorative by Brand
null,Decorative by Brand
null,Comics
null,Cookie Cutters
null,Collectibles
null,Salt, Pepper Shakers
null,&
null,Holiday
null,Kitchenware
null,Kitchenware
null,Collectibles
null,Christopher Radko
null,Decorative by Brand
null,Enesco
null,Pop Culture
null,Pop Culture
null,Golden Age (1938-55)
null,Bronze Age (1970-79)
null,Magnets
null,&
null,Precious Moments
null,Pop Culture
null,Kitchenware
null,Ornaments
null,Decorative
null,Collectibles
null,Avon
null,Tupperware
null,Collectibles
null,Holiday
null,Decorative
null,Collectibles
null,Pop Culture
null,Decorative
null,Bottles: Antique (Pre-1900)
null,&
null,Housewares
null,Blenders
null,Decorative
null,Decorative by Brand
null,Ephemera
null,Decorative by Brand
null,&
null,&
null,Kitchenware
null,Decorative
null,Holiday
null,Collectibles
null,Collectibles
null,Enesco
null,Avon
null,Decorative by Brand
null,Collectibles
null,Holiday
null,Pretty as a Picture
null,Decorative
null,Housewares
null,Snow Village
null,Collectibles
null,Horror, Sci-Fi
null,&
null,Collectibles
null,Decorative by Brand
null,&
null,Collectibles
null,Housewares
null,Enesco
null,Holiday
null,Trinket Boxes
null,Baskets
null,Collectibles
null,&
null,Decorative
null,&
null,Dept 56
null,&
null,&
null,Decorative
null,Kitchenware
null,Other Kitchenware
null,Memorabilia
null,Collectibles
null,Housewares
null,Collectibles
null,Kitchenware
null,Decorative
null,Collectibles
null,Collectibles
null,Kitchenware
null,Collectibles
null,Holiday
null,Textiles
null,Collectibles
null,&
null,Napkin Holders
null,&
null,&
null,Medicines, Cures
null,Pop Culture
null,Kitchenware
null,Decorative by Brand
null,Comics
null,Decorative
null,Modern Age (1980-Now)
null,Collectibles
null,Housewares
null,Cookie Cutters
null,Precious Moments
null,Dept 56
null,Other Sci-Fi
null,Other Barware
null,&
null,Holiday
null,Decorative by Brand
null,Cookie Jars
null,Kitchenware
null,Collectibles
null,Collectibles
null,Historical Memorabilia
null,Pop Culture
null,Decorative
null,Decorative
null,Decorative
null,Holiday
null,Figurines
null,Photographic Images
null,&
null,Holiday
null,&
null,Housewares
null,Housewares
null,&
null,Alternative, Underground
null,&
null,Holiday
null,Movie, TV
null,Antique (Pre-1930)
null,Comics
null,Decorative by Brand
null,Collectibles
null,&
null,Enesco
null,Modern Age (1980-Now)
null,&
null,Decorative by Brand
null,Collectibles
null,Comics
null,Mary's Moo Moos
null,Chrome
null,Superhero
null,Pop Culture
null,Pop Culture
null,Decorative
null,Pop Culture
null,Clothing
null,Collectibles
null,Accessories
null,Housewares
null,Collectibles
null,Decorative by Brand
null,Holiday
null,Holiday
null,Clothing: Regular
null,Silver Age (1956-69)
null,Kitchenware
null,&
null,Comics
null,Knowles Collector Plates
null,Decorative by Brand
null,Avon
null,Collectibles
null,Figurines
null,Collectibles
null,Pop Culture
null,Collectibles
null,&
null,Dept 56
null,Collectibles
null,Bradford Exchange
null,Comics
null,Decorative
null,Decorative by Brand
null,Enesco
null,&
null,Movies
null,Collectibles
null,Collectibles
null,Collectibles
null,Other Shakers
null,&
null,Kitchenware
null,Decorative
null,Collectibles
null,&
null,Collectibles
null,Barware
null,Decorative by Brand
null,Decorative by Brand
null,Collectibles
null,Decorative by Brand
null,Golden Age (1938-55)
null,Collectibles
null,Comics
null,Collectibles
null,&
null,Holiday
null,Holiday
null,Table Linens
null,Holiday
null,Pop Culture
null,New England Village
null,Kitchenware
null,&
null,Decorative by Brand
null,Other Barware
null,Housewares
null,Decorative
null,Other Avon Items
null,Decorative
null,Me
null,Decorative by Brand
null,&
null,Kitchenware
null,Housewares
null,Collectibles
null,Trading Cards
null,Decorative by Brand
null,Holiday
null,&
null,&
null,Decorative
null,&
null,Collectibles
null,Collectibles
null,Superhero
null,Ornaments
null,&
null,&
null,Collectibles
null,Decorative by Brand
null,Kitchenware
null,Franklin Mint
null,Decorative by Brand
null,&
null,Silver Age (1956-69)
null,&
null,Holiday
null,Holiday
null,Collectibles
null,Barware
null,Decorative by Brand
null,Other Barware
null,&
null,Militaria
null,&
null,Decorative
null,Dept 56
null,Collectibles
null,Collectibles
null,Decorative
null,&
null,Kitchenware
null,Collectibles
null,Paper
null,Enesco
null,Housewares
null,Other Kitchenware
null,Horror, Sci-Fi
null,Holiday
null,Modern Age (1980-Now)
null,Collectibles
null,Collectibles
null,Bradford Exchange
null,Holiday
null,&
null,Decorative by Brand
null,Holiday
null,&
null,Hallmark
null,Other Shakers
null,Collectibles
null,Enesco
null,Other Enesco Items
null,Trading Cards
null,Holiday
null,Decorative by Brand
null,Enesco
null,Collectibles
null,Clothing
null,Housewares
null,Horror, Sci-Fi
null,Promo Glasses
null,Holiday
null,Holiday
null,Comics
null,Ornaments
null,Holiday
null,&
null,Housewares
null,T-Shirts
null,Kitchenware
null,Superhero
null,Precious Moments
null,Collectibles
null,Decorative by Brand
null,Decorative
null,Decorative by Brand
null,Salt, Pepper Shakers
null,Decorative by Brand
null,Bing
null,Collectibles
null,Comics
null,Bronze Age (1970-79)
null,&
null,Ornaments
null,Dept 56
null,Housewares
null,Decorative
null,Kitchenware
null,Charming Tails
null,Collectibles
null,&
null,Holiday
null,Decorative by Brand
null,Collectibles
null,Golden Age (1938-55)
null,Enesco
null,Holiday
null,&
null,&
null,Collector Plates
null,Collectibles
null,Kitchenware
null,Accessories
null,Decorative by Brand
null,Pop Culture
null,Collector Plates
null,Series Ornaments
null,&
null,Cookie Cutters
null,Decorative
null,Tableware
null,Movies
null,Holiday
null,&
null,Collectibles
null,Other Enesco Items
null,Bronze Age (1970-79)
null,Collectibles
null,&
null,Decorative
null,Holiday
null,Collectibles
null,Charming Tails
null,Ephemera
null,Comics
null,&
null,Housewares
null,Collectibles
null,Decorative
null,&
null,&
null,Decorative by Brand
null,Housewares
null,Decorative
null,Comics
null,Decorative by Brand
null,Hallmark
null,Kitchenware
null,Ornaments
null,&
null,Collectibles
null,Silver Age (1956-69)
null,&
null,Holiday
null,Pop Culture
null,Holiday
null,Collectibles
null,Collectibles
null,&
null,Kitchenware
null,Longaberger
null,&
null,Housewares
null,Modern Age (1980-Now)
null,Comics
null,Decorative
null,Collectibles
null,Collectibles
null,Decorative by Brand
null,Collectibles
null,Collectibles
null,Comics
null,Decorative
null,Kitchenware
null,Comics
null,&
null,Kitchenware
null,Decorative
null,Collectibles
null,European
null,Collectibles
null,Collectibles
null,Collectibles
null,Collectibles
null,Decorative
null,Decorative
null,Holiday
null,Kitchenware
null,&
null,Dreamsicles
null,Other Bronze Age
null,Series Ornaments
null,Paper
null,Josef
null,Decorative by Brand
null,Collector Plates
null,Collectibles
null,Collectibles
null,Housewares
null,&
null,&
null,&
null,Housewares
null,Collectibles
null,Silver Age (1956-69)
null,Writing
null,Bottles: Antique (Pre-1900)
null,Collectibles
null,Pop Culture
null,Silver Age (1956-69)
null,Collectibles
null,Enesco
null,Collectibles
null,Kitchenware
null,Decorative
null,Pop Culture
null,Collectibles
null,&
null,Decanters
null,Collectibles
null,Decorative by Brand
null,&
null,Decorative
null,Other Jackets
null,Other Non-Sports
null,Series Ornaments
null,Dept 56
null,Housewares
null,Enesco
null,Other Magazines
null,Cookware
null,Bronze Age (1970-79)
null,Other Jackets
null,Collectibles
null,Superhero
null,Collectibles
null,Decorative by Brand
null,&
null,Other Lenox Collectibles
null,Decorative
null,Collectibles
null,Rugs
null,Collectibles
null,Comics
null,Pop Culture
null,&
null,Decorative
null,Decorative
null,Decorative by Brand
null,Cookie Jars
null,Tops
null,Other Magic Items
null,Other Non-Sports
null,Decorative
null,Decorative by Brand
null,&
null,&
null,Collectibles
null,Decorative by Brand
null,Decorative by Brand
null,Dickens Village
null,Decorative by Brand
null,Other Enesco Items
null,Collectibles
null,Holiday
null,Collectibles
null,Decorative
null,Holiday
null,Writing
null,Decorative
null,Decorative by Brand
null,Collectibles
null,Collectibles
null,Avon
null,&
null,Decorative by Brand
null,Comics
null,Holiday
null,Collectibles
null,Holiday
null,Decorative
null,Other Shakers
null,Enesco
null,Collectibles
null,Collectibles
null,Modern Age (1980-Now)
null,&
null,Collectibles
null,Enesco
