ItemID,Name,Currently,Buy_Price,First_Bid,Number_Of_Bids,Location,Latitude,Longitude,Country,Started,Ends,UserID,Description
,Set of 6 glass coasters w/characters,,,,0,,,,,,,,
,"""The Lovers"" Collector Plate by Lee Bogle",,,,0,,,,,,,,
,**NEW** 12-A Dozen Precious Moments FAN PULLS,,,,0,,,,,,,,
,IVY POSTERN GATE HOUSE CHRISTMAS BELL,,,,0,,,,,,,,
,MUSICAL 3-D CHRISTMAS ANGEL PLATE #4,,,,0,,,,,,,,
,Beautiful SANTA In SLEIGH Cookie Jar,,,,0,,,,,,,,
,"famous monsters #41.nov,1966.almost perfect !",,,,0,,,,,,,,
,AMAZING SPIDER-MAN #80 Chameleon Buscema1970,,,,0,,,,,,,,
,Avon 1970's English Provincial Charisma Oil,,,,0,,,,,,,,
,Homco Home Interior Christmas Bears,,,,0,,,,,,,,
,Hallmark The Secret Garden Hardback $2.50 PP,,,,0,,,,,,,,
,UNCANNY X-MEN #97 CGC 9.2 NM-,,,,0,,,,,,,,
,INDIANA JONES TEMPLE OF DOOM SET + BONUS,,,,0,,,,,,,,
,CWU-45P FLIGHT JACKET W/USN VF-103 INSIGNIA,,,,0,,,,,,,,
,KAMAGURKA/SEELE-Cowboy Henk-scarce OOP book,,,,0,,,,,,,,
,BATTLESTAR GALACTICA Comic Book #1,,,,0,,,,,,,,
,Seattle SEAHAWKS Practice FOOTBALL JERSEY M,,,,0,,,,,,,,
,LONGABERGER Parsley Booking basket,,,,0,,,,,,,,
,Popiels Veg-O-Matic II,,,,0,,,,,,,,
,Radko ~~CHILLIN DELIVERIES ~~REDUCED,,,,0,,,,,,,,
,OPENER SET,,,,0,,,,,,,,
,Duncan Royale Figure of Fran Holda !!!!!!!!!!,,,,0,,,,,,,,
,D56 SV Village Town Hall NEW SRP=$96,,,,0,,,,,,,,
,Fire fighting cigarette cards 1930,,,,0,,,,,,,,
,1888 Receipt Paxton Gallagher Omaha,,,,0,,,,,,,,
,candle,,,,0,,,,,,,,
,R2D2 Pepsi Cooler,,,,0,,,,,,,,
,Wulf #3 (1975) Great Cover,,,,0,,,,,,,,
,CIRCUS COPPER COOKIE CUTTER MINT SET,,,,0,,,,,,,,
,WEIRD WESTERN TALES #14 CGC VF 8.0 Toth art,,,,0,,,,,,,,
,"DUNCAN ROYALE-18""-ST. NICHOLAS SANTA-RARE-MIB",,,,0,,,,,,,,
,Enigma Lot Issues 1-5 Vertigo Comics,,,,0,,,,,,,,
,"Tree Trimmin' Time, Winnie The Pooh",,,,0,,,,,,,,
,1964 POPEYE LUNCHBOX With THERMOS,,,,0,,,,,,,,
,Bowen Marvel Spiderman Green Goblin Statue,,,,0,,,,,,,,
,WHAT IF #1 - CGC NM 9.4 OFF-WHITE-WHITE PG,,,,0,,,,,,,,
,BRADFORD EXCHANGE MIRACLE OF LIFE PLATE 1995,,,,0,,,,,,,,
,Department 56 Village Accessories Signs!,,,,0,,,,,,,,
,Avon Angel Porcelain Thimble 1999,,,,0,,,,,,,,
,PRECIOUS MOMENTS 15 HAPPY YEARS A TWEET BIRDS,,,,0,,,,,,,,
,MIB Fabulous SAKURA BARN Cookie Jar Oneida NR,,,,0,,,,,,,,
,PM**Catelog pc**My Love Will Keep You Warm,,,,0,,,,,,,,
,Souvenir Salt and Pepper Shakers Set of Three,,,,0,,,,,,,,
,OLD BANDED YELLOW WARE Yellowware Bowl-LARGE,,,,0,,,,,,,,
,Collectible Cat Plate - Adorable Kittens,,,,0,,,,,,,,
,Silver Cake Server Very Ornate England,,,,0,,,,,,,,
,~ TUPPERWARE ~ CHRISTMAS ~ COOKIE CUTTERS ~,,,,0,,,,,,,,
,CHERISHED TEDDIES CANADIAN BOY HINGED BOX,,,,0,,,,,,,,
,Retired 98 Juvenile Diabetes Charity Orn,,,,0,,,,,,,,
,ROYAL DOULTON IMPERIAL PALACE CHEN CHI,,,,0,,,,,,,,
,Norman Rockwell Plate Our Love of Country,,,,0,,,,,,,,
,Town Crier CD102,,,,0,,,,,,,,
,HALLMARK Keepsake Ornament 1990 Brass Bouquet,,,,0,,,,,,,,
,Franklin Mint 1988 Carousel Elephant,,,,0,,,,,,,,
,Harmony Kingdom ~ JINGLE BELL ROCK ~ Ed. 1,,,,0,,,,,,,,
,L@@K! Avon Gold Ring w Diamond Star,,,,0,,,,,,,,
,Limited Ed Eagle Plate by Van Ruyckevelt,,,,0,,,,,,,,
,Spice Shop,,,,0,,,,,,,,
,Weird Fantasy #1-22 Hardcover Volume,,,,0,,,,,,,,
,NASCAR HALLMARK RICHARD PETTY STOCK CAR CHAMP,,,,0,,,,,,,,
,BROADWAY PROGRAM,,,,0,,,,,,,,
,character shaving mug BLACK MAN German porcel,,,,0,,,,,,,,
,Ultimate Strangers in Paradise Lot Great Book,,,,0,,,,,,,,
,Precious Moments Sugar Town Bus Stop,,,,0,,,,,,,,
,Friendship Tree 91 Comboship1213 QLX7169,,,,0,,,,,,,,
,8 DC COMICS PRESENTS #86-93 SUPERBOY CREEPER,,,,0,,,,,,,,
,"SUPER MAN #1 COMIC,HB BOOK,STATUE,Fine!NR!",,,,0,,,,,,,,
,Martin Luther's Christmas Book Woodcuts,,,,0,,,,,,,,
,NATIONAL FIREWORKS LOT BOSTON MA. 1933,,,,0,,,,,,,,
,teenage mutant TURTLES 1983. GRAFIK NOVEL,,,,0,,,,,,,,
,Estate sale find Diamond Willow Corkscrew,,,,0,,,,,,,,
,"DREAMSICLES suncatcher ""LOVE LETTERS"" new/nr",,,,0,,,,,,,,
,4 OLD METAL COOKIE CUTTERS/CHICKENS/CHICKS,,,,0,,,,,,,,
,3- 1995 DREAMSICLES FIGURENES. NR PAYPAL,,,,0,,,,,,,,
,3 RARE Adventurers Posters Fantasy Comics,,,,0,,,,,,,,
,Home Interior Homco Cat Figurine #1412 EC,,,,0,,,,,,,,
,ALFA ROMEO 164 HIGH PERFORMANCE LUXURY AD,,,,0,,,,,,,,
,NIKKI ALL GOD'S CHILDREN HALLMARK ORN 1997,,,,0,,,,,,,,
,CINDERELLA 1984 CANADA GLASS (COKE-MCDONALDS),,,,0,,,,,,,,
,1979 Goebel Angel Bell Ornament-White,,,,0,,,,,,,,
,SNOWBUNNIES I'VE GOT A SUPRISE,,,,0,,,,,,,,
,New Michigan State xxl,,,,0,,,,,,,,
,Longaberger Ret APRON Traditional Holly MINT,,,,0,,,,,,,,
,"PRETTY AS A PICTURE, LIFE'S BEST GIFTS",,,,0,,,,,,,,
,Pepsi bottle salt and pepper shakers,,,,0,,,,,,,,
,LUCY AND ME BEARS HOLDING PICTURE FRAME - MIB,,,,0,,,,,,,,
,Limoges Peaceable Kingdom Animal Plate,,,,0,,,,,,,,
,Carved Wood German Bottle Cork Wine Stopper,,,,0,,,,,,,,
,1967 March Boris Karloff #17 March Gold Key,,,,0,,,,,,,,
,Firefighter Helmet USA Flag Sticker,,,,0,,,,,,,,
,ANRI Ferrandiz Ornament SET of FOUR MINT!,,,,0,,,,,,,,
,DEPT 56 HV - FARM ANIMALS S/8,,,,0,,,,,,,,
,"Patsy Walker #46 (Golden Age, Atlas, Good)",,,,0,,,,,,,,
,Swarovski 1997 Christmas Ornament,,,,0,,,,,,,,
,Wonderful Life/By Light of Moon/Plate #3,,,,0,,,,,,,,
,Hood's 1/2 Pint Square Store Milk Bottle,,,,0,,,,,,,,
,BRADFORD EXCHANGE AN ANGEL'S AFFECTION PLATE,,,,0,,,,,,,,
,Lefton Polar Bear Pals Figurine MINT SO CUTE,,,,0,,,,,,,,
,VINTAGE HOMCO CLOWNS-2,,,,0,,,,,,,,
,"""OVERNIGHT DELIVERY"" GOLD* Snowbabies*Dept 56",,,,0,,,,,,,,
,1970's Large Plastic Santa Cookie Jar,,,,0,,,,,,,,
,DEPT 56 ALPINE VILLAGE THE TOY PEDDLER retire,,,,0,,,,,,,,
,BATMAN!!! LARGE LOT OF BATMAN COMICS!,,,,0,,,,,,,,
,"Pair Vintage Drapes, Floral Faille Roses!!!",,,,0,,,,,,,,
,FREARM #1 MALIBU COMICS COMIC BOOK NR,,,,0,,,,,,,,
,Sword Of Sorcery #3 (1973) Kaluta / Chaykin,,,,0,,,,,,,,
,GROOM Celebration Plate,,,,0,,,,,,,,
,WRIGHTMAN CHECKS- REVENUE,,,,0,,,,,,,,
,PERFUME ATOMIZER,,,,0,,,,,,,,
,Cat's Meow HISTORICAL MUSEUM PINE,,,,0,,,,,,,,
,DEPT 56 NP - SLEIGH AND TINY REINDEER S/5,,,,0,,,,,,,,
,Precious Moments Enesco Holiday Ornament nib,,,,0,,,,,,,,
,Maud Earl's Beagle Print,,,,0,,,,,,,,
,FDNY NEW YORK CITY FIRE DEPT RESCUE 1 SHIRT S,,,,0,,,,,,,,
,1965 Jerry Lewis #90 October DC Comic,,,,0,,,,,,,,
,Art Deco Farber Bros Krome Kraft-2 Dishes,,,,0,,,,,,,,
,CHARMING TAILS - BINKEY'S SAND ANGEL- MIB,,,,0,,,,,,,,
,CHRISTOPHER RADKO Trim A Tree O PIN 2 for1!!!,,,,0,,,,,,,,
,"DUNCAN ROYALE WASSAIL 12"" FIGURE, MINT W/BOX!",,,,0,,,,,,,,
,HALMARK ORNAMENT SIXTH KIDDIE CAR CLASSICS,,,,0,,,,,,,,
,Collecting Software for Platinum Age Comics,,,,0,,,,,,,,
,SIRIUS DRAMA - LINSNER 1ST PRINT,,,,0,,,,,,,,
,Dreamsicles: Rainbow Rider? - Large - No Box,,,,0,,,,,,,,
,CHAMPIONS # 6 MARVEL RAMPAGE STRIKES PART 2!!,,,,0,,,,,,,,
,Goebel Christmas Morning $250srp Looney Tunes,,,,0,,,,,,,,
,Pups #6454 Ret.,,,,0,,,,,,,,
,NORTH POLE SANTA S BELL REPAIR,,,,0,,,,,,,,
,Old Wooden Corkscrew #35,,,,0,,,,,,,,
,RETRO KITCHEN: SEARS CHROME BEEHIVE BLENDER,,,,0,,,,,,,,
,2 DREAMSICLES 10679 AND 10272 NO RESERVE,,,,0,,,,,,,,
,Interesting *Vintage* Atomizer *OLD*,,,,0,,,,,,,,
,CUTE TEA SHOP HOUSE SHAPED TEAPOT TEA POT MIP,,,,0,,,,,,,,
,Old Metal 4 Pc Canister Set w/Old Pictures !!,,,,0,,,,,,,,
,2 Precious Moments Fan Pulls ! CUTE!!,,,,0,,,,,,,,
,MINNESOTA VIKINGS NIKE KNIT WINTER HAT *NEW*,,,,0,,,,,,,,
,Pair Chef Pie Birds 1 Black And 1 White CUTE,,,,0,,,,,,,,
,Early Square Decanter - Open Pontil - Stopper,,,,0,,,,,,,,
,Kull #1 (1971) REH / Wood,,,,0,,,,,,,,
,"Bottle Opener ""White Rock""",,,,0,,,,,,,,
,"Cherished Teddies Angela,3rd angel in series",,,,0,,,,,,,,
,"Precious Moments Calendar Girl ""December""",,,,0,,,,,,,,
,Precious Moments Star Morning Enesco Box Mint,,,,0,,,,,,,,
,50's Salt and Pepper Set Red tops,,,,0,,,,,,,,
,"""Christmas Cook-Out"" 2nd In A Nutshell series",,,,0,,,,,,,,
,"Original Star Wars Painted artwork, 1ofa kind",,,,0,,,,,,,,
,Longaberger 1996 Bee LINER and TIE-ON Set,,,,0,,,,,,,,
,1993 Hallmark Cool Santa (Coca Cola) - Club,,,,0,,,,,,,,
,PRECIOUS MOMENTS-May Your Christmas Bang 2001,,,,0,,,,,,,,
,"NEVADA ghost town bottle digging book, 1961",,,,0,,,,,,,,
,SILVER 1972 ROAD WINTER CHRISTMAS,,,,0,,,,,,,,
,10 Issues 2000AD #'s 591-600 Judge Dredd NM,,,,0,,,,,,,,
,2000 BUSY BEE SHOPPER - EXTREMELY CUTE - LQQK,,,,0,,,,,,,,
,3 Precious Moments Collectibles. #32,,,,0,,,,,,,,
,ALUMINUM - SAUCY MELTER w/ ORIGINAL BOX,,,,0,,,,,,,,
,thor 128 - 140 jack kirby art all VGFN BV$135,,,,0,,,,,,,,
,Sunbeam Electric Iron ( P.Date Dec 22 1925),,,,0,,,,,,,,
,Precious Moments Sugar Town Train Station Lit,,,,0,,,,,,,,
,SUGAR BOWL RAINBOW COLORS,,,,0,,,,,,,,
,SV Kids Love Hershey's!,,,,0,,,,,,,,
,VENOMtheMADNESS#1-3.MINT.FREE US SHIP'G.BONUS,,,,0,,,,,,,,
,XENA Season 6 TRADING CARD SET **NEW**,,,,0,,,,,,,,
,Seven 19th Century Inks,,,,0,,,,,,,,
,TRAVEL BAG~ LEATHER~ WITH ALOT OF POCKETS,,,,0,,,,,,,,
,"AVENGERS #61 Vision, Black Panther, Wasp 1969",,,,0,,,,,,,,
,"UNEXPECTED #133,1972,cgc,9.0,owtwp",,,,0,,,,,,,,
,Norman Rockwell 1979 Ornament,,,,0,,,,,,,,
,"LEFTON ""THOMAS POINT"" LIGHTHOUSE",,,,0,,,,,,,,
,"Beautiful Vintage Wallpaper, LEAF/ STRIPE",,,,0,,,,,,,,
,Starter Yankees Jacket,,,,0,,,,,,,,
,Avon 1993 Our First Christmas Ornament,,,,0,,,,,,,,
,'99 1949 Cadillac Coupe deVille BIN $9.99,,,,0,,,,,,,,
,"New Thomas Kinkade Journal ""End of a Perfect",,,,0,,,,,,,,
,PM BOY AND GIRL EXCLUSIVE EVENT PIECE LE,,,,0,,,,,,,,
,Lefton Colonial Village Church #06351,,,,0,,,,,,,,
,Hummel figurine girl w/ Favorite pet MINT,,,,0,,,,,,,,
,Precious Moments January 261203 NIB,,,,0,,,,,,,,
,Beatrix Potter Tailor of Gloucester Shakers,,,,0,,,,,,,,
,Lot of Eight Franklin Mint Plate Holders - NR,,,,0,,,,,,,,
,Snow Village SNOWY HILLS HOSPITAL,,,,0,,,,,,,,
,"Civil War""MONITOR ON JAMES RIVER"" 1912 Print*",,,,0,,,,,,,,
,RARE Tupperware Black Rock N Serve Round 3,,,,0,,,,,,,,
,Harbour Lights - Tybee Island Georgia #423,,,,0,,,,,,,,
,SPACE PATROL TRADING CARD-SOLAR DISINTEGRATOR,,,,0,,,,,,,,
,LLADRO #7644: INNOCENCE in BLOOM (mint in box,,,,0,,,,,,,,
,AMAZING SPIDER-MAN 66 Good,,,,0,,,,,,,,
,1944 pinup girls tatoos original display,,,,0,,,,,,,,
,ANGEL COOKIE JARS/JAR (DEVINE),,,,0,,,,,,,,
,"ME AS ""HARPO MARX""",,,,0,,,,,,,,
,Precious Moments Fig-ANGEL OF MERCY- NURSE,,,,0,,,,,,,,
,"ROY ROGERS COMICS # 76 1954 ""10 Cents""",,,,0,,,,,,,,
,BRAND NEW 2001 GREEN MARGUERITE,,,,0,,,,,,,,
,1988 Minature Beaded Garland Gold NRFB,,,,0,,,,,,,,
,Fitz Floyd Pumpkin Eggplant Salt Pepper,,,,0,,,,,,,,
,Stone Print Play Billboard - Robinson Crusoe,,,,0,,,,,,,,
,Avon Volkwagon windjammer after shave,,,,0,,,,,,,,
,Longaberger (2) Holly Mugs - Brand New,,,,0,,,,,,,,
,PRECIOUS MOMENTS PORCELAIN CROSS-Enesco,,,,0,,,,,,,,
,"Buick street sign,Great gift idea!",,,,0,,,,,,,,
,CREEPY #2 DAVIS FRAZETTA WILLIAMSON more! FN,,,,0,,,,,,,,
,DAVIS EMBOSSED OPEN PONTIL MEDICINE BOTTLE,,,,0,,,,,,,,
,Dept 56 Eleven Lords a Leaping NEW IN BOX,,,,0,,,,,,,,
,Dept 56~Tending the New Calves-set/3 Retired!,,,,0,,,,,,,,
,CVS MISFIT SAM THE SNOWMAN ENESCO ORNAMENT,,,,0,,,,,,,,
,M.A.R.S. PATROL TOTAL WAR COMIC #4 1967 NR,,,,0,,,,,,,,
,Mary Moo Moo - Cute DENTIST Cow,,,,0,,,,,,,,
,INDEPENDENDENCE HALL XMAS IN CITY DEPT 56,,,,0,,,,,,,,
,christopher radko | fritz n_ frosty sledding,,,,0,,,,,,,,
,IRON-ON FUSIBLE PELLON INTERFACING! WHOLESALE,,,,0,,,,,,,,
,HALLMARK SWISS CHEESE ORNAMENT 1984,,,,0,,,,,,,,
,Josef Originals! Top condition! Beautiful!,,,,0,,,,,,,,
,"HALLMARK Peanuts ""A SNOOPY CHRISTMAS"" SET",,,,0,,,,,,,,
,Hallmark TIN Mail Truck Series,,,,0,,,,,,,,
,Dept 56 Snow Village Jacks Corner Barber Shop,,,,0,,,,,,,,
,PEPPER SET,,,,0,,,,,,,,
,Lilyette Mini Lacy Bra Slip 36-37C,,,,0,,,,,,,,
,SV 'Early Morning Delivery' NIB N/R,,,,0,,,,,,,,
,Ultimate Spider-Man 1-7! TPB. MINT!,,,,0,,,,,,,,
,DEPT 56 HERITAGE SANTA MRS CLAUS NR MIB,,,,0,,,,,,,,
,Superman's Pal Jimmy Olsen #60 VG,,,,0,,,,,,,,
,Shall I Play For You,,,,0,,,,,,,,
,1999 HALLMARK *MUHAMMAD ALI* KEEPSAKE,,,,0,,,,,,,,
,AVON PLATE 1995 CHRISTMAS TRIMMING THE TREE,,,,0,,,,,,,,
,"BOOK: Longaberger, An American Tradition NICE",,,,0,,,,,,,,
,5 DENNIS THE MENACE MARVEL COMICS,,,,0,,,,,,,,
,Gooseberry Patch Measuring Spoons~Pinch~Dash~,,,,0,,,,,,,,
,Mary Engelbreit Queen Sign,,,,0,,,,,,,,
,1988 1989 Hallmark Polar Bowler AWESOME,,,,0,,,,,,,,
,Police Action #3 (1975) Mike Ploog,,,,0,,,,,,,,
,Awesome Apple Napkin Rings new in box,,,,0,,,,,,,,
,VINTAGE GREEK KEY DECO LINEN TABLECLOTH N/R!!,,,,0,,,,,,,,
,ENESCO CENTIMENTAL BEARS SET-7 TEDDY BEARS,,,,0,,,,,,,,
,MASON'S PINT CFG**PIC**,,,,0,,,,,,,,
,JIMMY DURANTE BY ESCO DATED 1974,,,,0,,,,,,,,
,Anchor Hocking Fire King Blue Mosaic Snack Se,,,,0,,,,,,,,
,F.A.K.K. 2 JULIE STRAIN Action Figure Excl.,,,,0,,,,,,,,
,BIGELOW SALEMAN SAMPLE 1922 CALENDER,,,,0,,,,,,,,
,1977 Avon California Perfume Anniversary Talc,,,,0,,,,,,,,
,"Baseball theme Heavy Pewter Frame 4 X 5 1/2""",,,,0,,,,,,,,
,PUDDINGS*MIB*,,,,0,,,,,,,,
,Avon Church Mouse Bride and a Groom figurine,,,,0,,,,,,,,
,HALLMARK ADOBE CHURCH 2000 3RD MAGIC,,,,0,,,,,,,,
,Armani DISNEY GOOFY! New in Box! 30%off NR,,,,0,,,,,,,,
,ENESCO MARY'S MOO MOOS COW COUPLE W BABY,,,,0,,,,,,,,
,14-Hallmark Classic cars 91 to 02 + 3 BONUS,,,,0,,,,,,,,
,M Aggies Lidded Ceramic Shot,,,,0,,,,,,,,
,HUM 21/0 Heavenly Angel Tmk 6,,,,0,,,,,,,,
,Duncan Royale Sir Christmas with Staff,,,,0,,,,,,,,
,Wooden Architecture in the Berkshires 1922,,,,0,,,,,,,,
,SWAROVSKI 2000 Christmas Star Ornament,,,,0,,,,,,,,
,AVON THREE WONDERFUL AVON ITEMS,,,,0,,,,,,,,
,Dept. 56 LOMAS LTD. MOLASSES 1993 - MIB,,,,0,,,,,,,,
,Richard Kiel twilight zone autograph 'Hi' A-3,,,,0,,,,,,,,
,P Shakers/NR,,,,0,,,,,,,,
,Kim Anderson's pretty as a picture MUSICAL,,,,0,,,,,,,,
,MEMORIES OF YESTERDAY HOLD IT YOU'RE SWELL,,,,0,,,,,,,,
,Enesco 1990 HERE'S LOOKING AT YOU - Mouse/cam,,,,0,,,,,,,,
,1950's-60's FLOUR SIFTER by WILLOW,,,,0,,,,,,,,
,DISNEY PINOCCHIO COOKIE JAR - FAST SHIPPING!,,,,0,,,,,,,,
,BATMAN no 58 from 1950. Rare,,,,0,,,,,,,,
,VERY NICE BRASS MATCH HOLDER BUCKET,,,,0,,,,,,,,
,MCCOY DAISY COW-- FREE S/H/I,,,,0,,,,,,,,
,THE MIGHTY THOR #215,,,,0,,,,,,,,
,MILK BOTTLE - LEONARD'S DAIRY - NEW YORK,,,,0,,,,,,,,
,Avon-Angel Song/Mandolin w/Unforgettable,,,,0,,,,,,,,
,"PAAP - ""I Promise You An Ocean..."" MIB NR!",,,,0,,,,,,,,
,Our Friendship Blessed Bag Precious Moment,,,,0,,,,,,,,
,X-MEN GRAPHIC NOVEL.GOD LOVES-MAN KILLS NM,,,,0,,,,,,,,
,DBL QUEEN PINK DAMASK BEDSPREAD WITH FRINGE,,,,0,,,,,,,,
,Irene Spencer HUG ME plate on Fairmont - N/R,,,,0,,,,,,,,
,Alpine Village Polka Fest,,,,0,,,,,,,,
,2 My First Precious Moments Baby Doll s MIB,,,,0,,,,,,,,
,Dept. 56 Green Grocer Dickens Village,,,,0,,,,,,,,
,X-MEN Lot 33 - #2,,,,0,,,,,,,,
,417785 Christmas Girl - Limited Edition! NR!,,,,0,,,,,,,,
,PRECIOUS MOMENTS MOUSEPAD,,,,0,,,,,,,,
,LENOX FIRST CHRISTMAS 2000 BABY BOY ORNAMENT,,,,0,,,,,,,,
,DREAMSICLES ANGEL with POINSETTIA BASKET,,,,0,,,,,,,,
,Fantastic Four #79 NR paypal VG,,,,0,,,,,,,,
,Longaberger Baskets CARD KEEPER +PROT + LID,,,,0,,,,,,,,
,Bone china little girl with kittens in barrel,,,,0,,,,,,,,
,SPOONTIQUES CASTLE WITH CYRSTAL CM 986,,,,0,,,,,,,,
,DREAMSICLES SNUGGLE UP TO WINTER FREE SHIPPIN,,,,0,,,,,,,,
,LOT OF WOODEN SPOONS TAKE A LOOK,,,,0,,,,,,,,
,Large Rare Antique Stoneware Jug SHABBY CHIC,,,,0,,,,,,,,
,Ceramic Dad Mug - NIB Reasonably Priced!!,,,,0,,,,,,,,
,Avon-Sunny Time Convertible Fanny Pack,,,,0,,,,,,,,
,All-Flash #23 DC June/1946 Glossy! NR!,,,,0,,,,,,,,
,THE ROCKETEER GN by Dave Stevens 1st ed,,,,0,,,,,,,,
,Precious Moments - SAMMY CIRCUS- SAMMY,,,,0,,,,,,,,
,~~~50~~~8.5x14.5 BUBBLE MAILERS #3~~BUY NOW!!,,,,0,,,,,,,,
,Superman Postcards 1972 Super COOL!!!!!!,,,,0,,,,,,,,
,"WINGS#120-Fiction House,1953 Nice Cover",,,,0,,,,,,,,
,DEP.56 SNOWBABIES I SEE YOU,,,,0,,,,,,,,
,1994 looney tunes hallmark ornaments (5),,,,0,,,,,,,,
,Sweatshirt Fire Dept. F.D.N.Y. Shirt Lg fdny,,,,0,,,,,,,,
,HALLMARK CHILD CARE GIVER 1996,,,,0,,,,,,,,
,"CGC 9.2 NM- MIGHTY HEROES #4, W/ MIGHTY MOUSE",,,,0,,,,,,,,
,Avon's Cape Cod Collection Vase brand new,,,,0,,,,,,,,
,ANRI Ferrandiz rare matched set BAKER COUPLE,,,,0,,,,,,,,
,Precious Moments Figurine ~ My True Love,,,,0,,,,,,,,
,Authentic Avon Quartz Silver/Gold Watch NIB,,,,0,,,,,,,,
,Brown Bag Hearts and Flowers Cookie Stamp,,,,0,,,,,,,,
,NR Hallmark SILVER STAR Train Set of 3 mimb,,,,0,,,,,,,,
,Fabulous Art Deco Chrome w/bakelite CoffeePot,,,,0,,,,,,,,
,D C Comic Superman Family No 177,,,,0,,,,,,,,
,Gold Key: Bonanza 31,,,,0,,,,,,,,
,"PM Wedding Bible Holder ""To Have And To hold""",,,,0,,,,,,,,
,Radko Heritage Santa,,,,0,,,,,,,,
,Hallmark - BAITSHOP WITH BOAT - Pressed Tin,,,,0,,,,,,,,
,Tom Sawyer #12238 Ret. NR,,,,0,,,,,,,,
,Precious Moments Tree Topper 1991 MIB,,,,0,,,,,,,,
,217 80 pg giants VG-FN,,,,0,,,,,,,,
,CHERISHED TEDDIES NICKOLAS,,,,0,,,,,,,,
,!,,,,0,,,,,,,,
,Dept 56 Noel Ornament Girl Caroler,,,,0,,,,,,,,
,Charming Tails~Teamwork Helps!,,,,0,,,,,,,,
,**SHERWOOD FOREST COLLECTION**DAVID WINTER***,,,,0,,,,,,,,
,Photo From Lady!,,,,0,,,,,,,,
,HELLERWARE 3 TIER CHROMIUM TRAY...NICE!!,,,,0,,,,,,,,
,West Germany Beer Stein,,,,0,,,,,,,,
,Precious Moments Cane You Join Us...MIB,,,,0,,,,,,,,
,"Blue Willow MEASURING SPOONS,set of 5",,,,0,,,,,,,,
,Ghostly Tales #68 FN NR :CHECK IT OUT:,,,,0,,,,,,,,
,French Shabby Chic metal shelf shelves tassle,,,,0,,,,,,,,
,Lladro Squirrel Love (Set of 2 figures) Ret.,,,,0,,,,,,,,
,Incredible Hulk: Transformations tpb,,,,0,,,,,,,,
,JERRY lot of *6* old cookie cutters,,,,0,,,,,,,,
,Awesome Radko Batgirl Ornament- NR!!!,,,,0,,,,,,,,
,INDEPENDENT LIFE INS. CO. HYGEIA BABY BOTTLE,,,,0,,,,,,,,
,Julie Andrews THE SOUND OF MUSIC 1st Edition,,,,0,,,,,,,,
,Charming Tails~Flights of Fancy Orn,,,,0,,,,,,,,
,"HANDBLOWN, ETCHED GLASS BRANDY SNIFTER",,,,0,,,,,,,,
,"NP Glacier Gazette, retired, MIB, NR",,,,0,,,,,,,,
,KILLER 1950'S RICKY ROBE !!!,,,,0,,,,,,,,
,Mc Carthy Bumber Stickers !,,,,0,,,,,,,,
,MINT NEW TUPPERWARE HUNTER GREEN 2PCS.,,,,0,,,,,,,,
,WALNUT ANSONIA MANTLE CLOCK 1882,,,,0,,,,,,,,
,FELIX the CAT Magnets,,,,0,,,,,,,,
,ALL FAMOUS POLICE CASES #10 LB COLE CVR 1953,,,,0,,,,,,,,
,"Snowbabies Make A Wish, MIB, NR",,,,0,,,,,,,,
,Wreath,,,,0,,,,,,,,
,Vintage kitchen Lot,,,,0,,,,,,,,
,Elsmore KS Kansas 1895 High School Graduation,,,,0,,,,,,,,
,Thor 241 1975 vfn,,,,0,,,,,,,,
,CHAMPION SPORTS #1 - DC Comic - 1973,,,,0,,,,,,,,
,Homco Circle of Friends FigurineTaste And See,,,,0,,,,,,,,
,NE Vill. BLUE STAR ICE CO. ret Estate Piece,,,,0,,,,,,,,
,YOUTH Detroit Red Wings Leather Jacket 10/12,,,,0,,,,,,,,
,15' PIZZA BAKING STONE +++++,,,,0,,,,,,,,
,50 Sterling STATE INGOTS Franklin Mint NO RES,,,,0,,,,,,,,
,"Radko Jim Henson's ""Fozzie Bear"" baker",,,,0,,,,,,,,
,ANGEL WITH HORN=LG V=WITH BEE=STAMPED GERMANY,,,,0,,,,,,,,
,CGC 9.0 80 PAGE GIANT #8 SECRET ORIGINS VF/NM,,,,0,,,,,,,,
,PRECIOUS MOMENTS--JUST MARRIED MUSICAL BOX,,,,0,,,,,,,,
,Philadelphia 76ers JERRY STACKHOUSE Jersey Bo,,,,0,,,,,,,,
,Charming Tails~REGINALD'S NEWS STAND #87591,,,,0,,,,,,,,
,JOSEF Original Valentine Trinket Box MIB,,,,0,,,,,,,,
,Ace Willie Beginner Magic Book Grab #8,,,,0,,,,,,,,
,KITTEN THREE TINY TREASURES,,,,0,,,,,,,,
,"11 OLD DOILIES, ONE PRICE, NR",,,,0,,,,,,,,
,Star trek:ALL ORNAMENTS 92-2000,,,,0,,,,,,,,
,Harmony Garden Sunflower II,,,,0,,,,,,,,
,WHITE GENTLEMEN GLASS PITCHER MADE IN JAPAN,,,,0,,,,,,,,
,"Hallmark 2001 Sulley,Mike, Boo Monster Inc.",,,,0,,,,,,,,
,&,,,,0,,,,,,,,
,Dip Ceramic NR,,,,0,,,,,,,,
,Hallmark Ornament MR. POTATO HEAD Top Spud,,,,0,,,,,,,,
,Pepper Shakers,,,,0,,,,,,,,
,AVENGERS' QUASAR SERIES--ISSUES 1-60,,,,0,,,,,,,,
,Baked Apple Candles Home Interior Homco,,,,0,,,,,,,,
,Precious Moments Peace on Earth E9287,,,,0,,,,,,,,
,#187 Gold Key 1968/69,,,,0,,,,,,,,
,STOLICHNAYA RUSSIAN VODKA SHOT GLASS,,,,0,,,,,,,,
,Eames Era Molded TEAK Plywood ICE BUCKET,,,,0,,,,,,,,
,"First Christmas In New Home_Ornament ""1999""",,,,0,,,,,,,,
,Jessie Willcox Smith - Story Time - PLATE,,,,0,,,,,,,,
,Peanuts Magic #4 Ornament--Hallmark,,,,0,,,,,,,,
,Cameo Incoley The Isle of Circes,,,,0,,,,,,,,
,(7) Old Antique Golf Clubs @@NO RESERVE@@,,,,0,,,,,,,,
,Seattle Skyline Limoge Style Trinket Box,,,,0,,,,,,,,
,D-56 DEPT 56 GREAT EXPECTATIONS 'SATIS MANOR',,,,0,,,,,,,,
,Cherished Teddies Jerry Ready To Splash NEW,,,,0,,,,,,,,
,NEW~~SET/6 FRUIT GLASS SWIZZLE/STIR STICKS,,,,0,,,,,,,,
,Avon 1987 Christmas Bell NIB and MORE,,,,0,,,,,,,,
,PEPPER SHAKERS,,,,0,,,,,,,,
,ANTIQUE MCNESS CAN,,,,0,,,,,,,,
,Star Wars: Dark Lords of the Sith (Full Run!),,,,0,,,,,,,,
,Mary Moo Had Farm Holiday Spirit Hen Rooster,,,,0,,,,,,,,
,DISNEY PINOCCHIO COOKIE JAR - NEW- MIB,,,,0,,,,,,,,
,Vintage American Family Scale Kitchen Scale,,,,0,,,,,,,,
,River Group Elvis Dufex card #24/40,,,,0,,,,,,,,
,Gallon milk bottle with plastic handle,,,,0,,,,,,,,
,P,,,,0,,,,,,,,
,DALMATION PORCELAIN BOTTLE STOPPER,,,,0,,,,,,,,
,Enesco PM June Hopechest with birthstone NMIB,,,,0,,,,,,,,
,Enesco Wizard of Oz The Cowardly Lion NEW,,,,0,,,,,,,,
,Dark Green!! Atlas Strong Shoulder Mason,,,,0,,,,,,,,
,HALLMARK COOKIE CUTTER RED SNOWMAN,,,,0,,,,,,,,
,NICK FURY - AGENT OF SHIELD #38 - 41,,,,0,,,,,,,,
,Ritzenhoff Unique German Beer Glass TN7,,,,0,,,,,,,,
,PRECIOUS MOMENTS MUSICAL CHRISTMAS HOUSE N/R!,,,,0,,,,,,,,
,Brass Coaster With Victorian Penny,,,,0,,,,,,,,
,Memories of Yesterday BOO BOO WITH MISTLETOE,,,,0,,,,,,,,
,Dan Dare Deluxe Edition Vol 10 New HB 1st Ed,,,,0,,,,,,,,
,"SCALE,FOOD,POSTAL,ETC /GRAMS/ OUNCES - NEW",,,,0,,,,,,,,
,Armani DISNEY MICKEY SORCERER 30%off NiB NR,,,,0,,,,,,,,
,wire closure,,,,0,,,,,,,,
,D RPG 3E,,,,0,,,,,,,,
,Avon Snuggly Mouse Candle Holder W/ Box 1983,,,,0,,,,,,,,
,"Classics Illustrated, No.162, 1961, (O), F/F-",,,,0,,,,,,,,
,Homco 4 perfect Christmas pieces,,,,0,,,,,,,,
,Frog Knife Rest Qty 1 (Pewter),,,,0,,,,,,,,
,The Cookie Bakery Cookie Jar,,,,0,,,,,,,,
,STAR WARS INFINITIES 3 4 What if,,,,0,,,,,,,,
,Sandy' Plate,,,,0,,,,,,,,
,Tomb of Dracula #15 VF NR :WOW:,,,,0,,,,,,,,
,1982 P.M.- LOVE ONE ANOTHER - HOURGLASS MARK,,,,0,,,,,,,,
,ANTIQUE CLOCK CLOCKS*GILDED BRONZE CARTIER,,,,0,,,,,,,,
,unread Wolverine miniseries #1-3,,,,0,,,,,,,,
,PEP COMICS #272 BRONZE AGE,,,,0,,,,,,,,
,DEPT 56 DICKENS A PARTRIDGE IN A PEAR TREE,,,,0,,,,,,,,
,Buffy Season 1 - A3 - Autograph Card - Willow,,,,0,,,,,,,,
,department 56 ceramic santa claus,,,,0,,,,,,,,
,"Gold Digger #30- Fred Perry, Manga, Furry!",,,,0,,,,,,,,
,Vintage Aluminum Mirro Donut Maker,,,,0,,,,,,,,
,"Dickens Village ""Cottage of Bob Cratchit",,,,0,,,,,,,,
,Bowen Designs Marvel Juggernaut Mini-bust,,,,0,,,,,,,,
,5 BRAND NEW ARCHIE DIGEST COMIC BOOKS NR,,,,0,,,,,,,,
,Summer Eggs (1984),,,,0,,,,,,,,
,CITY - THE DOCTORS OFFICE - 1991- RET. 1994,,,,0,,,,,,,,
,Jerry No 299,,,,0,,,,,,,,
,1981 Hallmark Family Tree Ornament - MINT,,,,0,,,,,,,,
,"Precious Moments Sugar Town ""KATY LYNNE""",,,,0,,,,,,,,
,MARVEL COLLECTORS ITEM CLASSICS 15 NM 9.4 CGC,,,,0,,,,,,,,
,1950s CHEESE/FOOD GRINDER [GLASS BODY] nr,,,,0,,,,,,,,
,Viceroy Cigarette American Airline Pack,,,,0,,,,,,,,
,Precious Moments Caring 1994 Members Only,,,,0,,,,,,,,
,Bottle Opener,,,,0,,,,,,,,
,HALLMARK CAROUSEL HORSE PROMO SET 6 PC,,,,0,,,,,,,,
,ARCHIE COMICS JUGHEADS TIME POLICE LOT,,,,0,,,,,,,,
,1945 CAPTAIN MARVEL ADVENTURES #49 CGC Graded,,,,0,,,,,,,,
,Bessie Pease Gutmann FIRST STEP figurine,,,,0,,,,,,,,
,Pepp,,,,0,,,,,,,,
,Oliver Twist retired 1993,,,,0,,,,,,,,
,Degrazia _86 Flower Girl Goebel Ornament NR,,,,0,,,,,,,,
,EMMETT KELLY JR CLEANING UP DEAF FIGURINE,,,,0,,,,,,,,
,Amber Unembossed Lightning Pint Fruit jar,,,,0,,,,,,,,
,DEPT 56 ALPINE VILLAGE GRISTMILL,,,,0,,,,,,,,
,Dept.56 Santa's Workshop-Brand New!!!,,,,0,,,,,,,,
,Hallmark 1985 Kitty Mischief Ornament,,,,0,,,,,,,,
,DEPT 56 DV - PAR FOR THE COURSE S/3,,,,0,,,,,,,,
,1881 Northern Pacific Railroad ticket-large,,,,0,,,,,,,,
,PRECIOUS MOMENTS~HAPPY BIRTHDAY CUPCAKE BOX,,,,0,,,,,,,,
,Ceramic GRAPES TEAPOT Kitchen Wall Plaque,,,,0,,,,,,,,
,Wooden Frame Rose Terra Cotta Tile Trivet,,,,0,,,,,,,,
,NY GIANTS NFL SCHEDULE WATCH * NEW *,,,,0,,,,,,,,
,Hilltop Farms Milk Bottle Peckville Pa.,,,,0,,,,,,,,
,R. CRUMB PIONEERS OF COUNTRY MUSIC CARD SET,,,,0,,,,,,,,
,Precious Moments Girl Stove Mini Tea Set,,,,0,,,,,,,,
,Hogmay 88,,,,0,,,,,,,,
,Pepper NR,,,,0,,,,,,,,
,NORMAN ROCKWELL PLATE~MIB~FAMILY'S MEASURE,,,,0,,,,,,,,
,Oriental Tin Decorative Bowl ~ Stunning~,,,,0,,,,,,,,
,Precious Moments 1993 BUNDLES OF JOY,,,,0,,,,,,,,
,Hallmark Ornament Peter Pan and Tinkerbell,,,,0,,,,,,,,
,Hertz Corporation Bond Certificate 1970's,,,,0,,,,,,,,
,BEAUTIFUL APPLE BASKET COOKIE JAR JARS NEW,,,,0,,,,,,,,
,Precious Moments E-5637 The Heavenly Light,,,,0,,,,,,,,
,*Mary's Moo MNew* dairy queen tasty treats,,,,0,,,,,,,,
,"LOIS LANE #134 VF/NM SUPER LOIS, KANDOR",,,,0,,,,,,,,
,Wolverine Mini Statue by Bowen Designs,,,,0,,,,,,,,
,FANTASTIC OLD 10'X13'PERSIAN ISFAHAN RUG-LLR!,,,,0,,,,,,,,
,WINDRIDER ~ Chuck Ren ~ Indian Warriors PLATE,,,,0,,,,,,,,
,Hallmark Classic American Car 1966 Mustang,,,,0,,,,,,,,
,Rollerama Roller Skaters Accessory Set of 2,,,,0,,,,,,,,
,Nice old Quilt Hand Stitched Hand Quilted,,,,0,,,,,,,,
,GORGEOUS FROSTED AMBER DECANTER + 6 GLASSES!!,,,,0,,,,,,,,
,HANDCRAFTED PATCHWORK~SAHARA STAR QUILT~F/Q,,,,0,,,,,,,,
,1955 Churchill Queen Elizabath Nehru photo,,,,0,,,,,,,,
,* PARK BENCHS (2) * Dept 56 Snow Village,,,,0,,,,,,,,
,1 HOLIDAY COOKIE JAR HOUSE snowman,,,,0,,,,,,,,
,Vintage Metal Christmas Cookie Cutter(4),,,,0,,,,,,,,
,Precious Moments Figurine ~ Perfect Day,,,,0,,,,,,,,
,STARWARS NUMBER 6 1977 MARVEL COMICS F/G,,,,0,,,,,,,,
,Pretty As A Picture - -Ltd Edition Nativity,,,,0,,,,,,,,
,Ritzenhoff Unique German Beer Glass TN2,,,,0,,,,,,,,
,X-MEN #164.1983.FIRST APP.BINARY! NEAR MINT +,,,,0,,,,,,,,
,GREEN MOUNTAIN: MISTER MIRACLE #7 VGF KIRBY,,,,0,,,,,,,,
,GRONDAHL CHRISTMAS IN AMERICA PLATE 91,,,,0,,,,,,,,
,HARMONY KINGDOM: Y2HK MILLENNIUM#TJSEY2K-RTD.,,,,0,,,,,,,,
,GREEN MOUNTAIN: ASTONISHING TALES #19 FVF,,,,0,,,,,,,,
,1876 Series Cape Cod Sugar Bowl,,,,0,,,,,,,,
,MIX N STORE PLUS PITCHER PLUS BONUS !!!!!!,,,,0,,,,,,,,
,THE RINGMASTER - CIRCUS SERIES NR CC 50%OFF,,,,0,,,,,,,,
,Dept 56~*~Monopoly~*~ORIENTAL AVENUE~*~NR,,,,0,,,,,,,,
,"""ONE TEAR AT A TIME"" Video - Brand New!!",,,,0,,,,,,,,
,DESTROYER DUCK #1,,,,0,,,,,,,,
,Silverplated Renaissance design egg cup,,,,0,,,,,,,,
,Avon Ruby Red Cape Cod 2 Cordial Stems,,,,0,,,,,,,,
,Dept. 56 Farmer's Market N Eng Village NIB,,,,0,,,,,,,,
